TargetUser,Item,PredictedRating,SimilarityType
A1ER5AYS3FQ9O3,B00MCVPIJI,3.0,PearsonSimilarity
A1ER5AYS3FQ9O3,B000ND75BG,5.0,PearsonSimilarity
A1ER5AYS3FQ9O3,B005ZG0IME,2.0,PearsonSimilarity
A1ER5AYS3FQ9O3,B01FFRD1NU,5.0,PearsonSimilarity
A1ER5AYS3FQ9O3,B00H888AMC,4.0,PearsonSimilarity
A1ER5AYS3FQ9O3,B00BNWZYCS,3.0,PearsonSimilarity
A1ER5AYS3FQ9O3,B017AKMPC8,5.0,PearsonSimilarity
A1ER5AYS3FQ9O3,B00FOUVRZS,5.0,PearsonSimilarity
A1ER5AYS3FQ9O3,B007EJ25Y4,4.0,PearsonSimilarity
A1ER5AYS3FQ9O3,B00BCE1ACU,1.0,PearsonSimilarity
A1ER5AYS3FQ9O3,B004JJQN8G,5.0,PearsonSimilarity
A1ER5AYS3FQ9O3,B00JD4SYSO,2.0,PearsonSimilarity
A1ER5AYS3FQ9O3,B0012XZQGC,5.0,PearsonSimilarity
A1ER5AYS3FQ9O3,B014ITB0W0,3.0,PearsonSimilarity
A1ER5AYS3FQ9O3,B00JZM7T2Q,5.0,PearsonSimilarity
A1ER5AYS3FQ9O3,B00V7O0OPO,5.0,PearsonSimilarity
A1ER5AYS3FQ9O3,B00MN4W8ZG,5.0,PearsonSimilarity
A1ER5AYS3FQ9O3,B004N625A0,4.0,PearsonSimilarity
A1ER5AYS3FQ9O3,B0011FQUQG,5.0,PearsonSimilarity
A1ER5AYS3FQ9O3,B0009A2L80,1.0,PearsonSimilarity
A1ER5AYS3FQ9O3,B00FR6VM54,5.0,PearsonSimilarity
A1ER5AYS3FQ9O3,B01640K0G8,4.0,PearsonSimilarity
A1ER5AYS3FQ9O3,B003B4CU3M,5.0,PearsonSimilarity
A1ER5AYS3FQ9O3,B001EO6QR2,4.0,PearsonSimilarity
A1ER5AYS3FQ9O3,B00000K13I,5.0,PearsonSimilarity
A1ER5AYS3FQ9O3,B014SHIPUC,5.0,PearsonSimilarity
A1ER5AYS3FQ9O3,B0055N604M,1.0,PearsonSimilarity
A1ER5AYS3FQ9O3,B004NY9UW8,5.0,PearsonSimilarity
A1ER5AYS3FQ9O3,B003XQAIKK,4.0,PearsonSimilarity
A1ER5AYS3FQ9O3,B000N8OFIW,5.0,PearsonSimilarity
A1ER5AYS3FQ9O3,B00G556Z7Q,5.0,PearsonSimilarity
A1ER5AYS3FQ9O3,B00276S55M,2.0,PearsonSimilarity
A1ER5AYS3FQ9O3,B003X26LYG,4.0,PearsonSimilarity
A1ER5AYS3FQ9O3,B01B2GFGP4,5.0,PearsonSimilarity
A1ER5AYS3FQ9O3,B00LIC2L10,5.0,PearsonSimilarity
A1ER5AYS3FQ9O3,B00DR6F0PE,5.0,PearsonSimilarity
A1ER5AYS3FQ9O3,B00EVF3FCU,2.0,PearsonSimilarity
A1ER5AYS3FQ9O3,B00VV2MS7O,5.0,PearsonSimilarity
A1ER5AYS3FQ9O3,B006IYDMCK,5.0,PearsonSimilarity
A1ER5AYS3FQ9O3,B00276Y7NG,5.0,PearsonSimilarity
A1ER5AYS3FQ9O3,B00KNPUYCQ,4.0,PearsonSimilarity
A1ER5AYS3FQ9O3,B002LF2PQO,4.0,PearsonSimilarity
A1ER5AYS3FQ9O3,B005DMYRRC,5.0,PearsonSimilarity
A1ER5AYS3FQ9O3,B0000A98AC,5.0,PearsonSimilarity
A1ER5AYS3FQ9O3,B00K2O4TI8,5.0,PearsonSimilarity
A1ER5AYS3FQ9O3,B000KEGCC6,5.0,PearsonSimilarity
A1ER5AYS3FQ9O3,B00BT1BQEI,5.0,PearsonSimilarity
A1ER5AYS3FQ9O3,B0000DKBKO,5.0,PearsonSimilarity
A1ER5AYS3FQ9O3,B0058FAYPI,5.0,PearsonSimilarity
A1ER5AYS3FQ9O3,B0015BWO5W,4.0,PearsonSimilarity
A1ER5AYS3FQ9O3,B00BV19IG4,5.0,PearsonSimilarity
A1ER5AYS3FQ9O3,B005CLU2H8,5.0,PearsonSimilarity
A1ER5AYS3FQ9O3,B0001DRRUM,1.0,PearsonSimilarity
A1ER5AYS3FQ9O3,B00U0GZR34,3.0,PearsonSimilarity
A1ER5AYS3FQ9O3,B00SCUE9GQ,5.0,PearsonSimilarity
A1ER5AYS3FQ9O3,B007GNMS5Y,5.0,PearsonSimilarity
A1ER5AYS3FQ9O3,B00FZ9SMVU,5.0,PearsonSimilarity
A1ER5AYS3FQ9O3,B00HZVG02E,4.0,PearsonSimilarity
A1ER5AYS3FQ9O3,B00QFQC7QI,4.0,PearsonSimilarity
A1ER5AYS3FQ9O3,B00D8X9FZM,5.0,PearsonSimilarity
A1ER5AYS3FQ9O3,B001NEK0PC,4.0,PearsonSimilarity
A1ER5AYS3FQ9O3,B00BW6LXHA,5.0,PearsonSimilarity
A1ER5AYS3FQ9O3,B009C92RCE,4.0,PearsonSimilarity
A1ER5AYS3FQ9O3,B00028EWH2,4.0,PearsonSimilarity
A1ER5AYS3FQ9O3,B00DLGKVM2,5.0,PearsonSimilarity
A1ER5AYS3FQ9O3,B008ULPERA,5.0,PearsonSimilarity
A1ER5AYS3FQ9O3,B007BCIJP8,5.0,PearsonSimilarity
A1ER5AYS3FQ9O3,B014ZTDC88,5.0,PearsonSimilarity
A1ER5AYS3FQ9O3,B0006BB9MG,5.0,PearsonSimilarity
A1ER5AYS3FQ9O3,B008X9Z7N0,5.0,PearsonSimilarity
A1ER5AYS3FQ9O3,B001TUYQT6,5.0,PearsonSimilarity
A1ER5AYS3FQ9O3,B015GUIJ3S,5.0,PearsonSimilarity
A1ER5AYS3FQ9O3,B00SJ095FO,5.0,PearsonSimilarity
A1ER5AYS3FQ9O3,B0107SW8A4,5.0,PearsonSimilarity
A1ER5AYS3FQ9O3,B004QK5N3E,5.0,PearsonSimilarity
A1ER5AYS3FQ9O3,B00EDSGUXG,4.0,PearsonSimilarity
A1ER5AYS3FQ9O3,B0001DBEM4,5.0,PearsonSimilarity
A1ER5AYS3FQ9O3,B000V9D5LG,4.0,PearsonSimilarity
A1ER5AYS3FQ9O3,B01769FRFU,5.0,PearsonSimilarity
A1ER5AYS3FQ9O3,B005612QLY,5.0,PearsonSimilarity
A1ER5AYS3FQ9O3,B000AP05BO,5.0,PearsonSimilarity
A1ER5AYS3FQ9O3,B003ZUM5LE,5.0,PearsonSimilarity
A1ER5AYS3FQ9O3,B007F5LYVM,3.0,PearsonSimilarity
A1ER5AYS3FQ9O3,B009NSJ8J4,5.0,PearsonSimilarity
A1ER5AYS3FQ9O3,B001I45UCA,5.0,PearsonSimilarity
A1ER5AYS3FQ9O3,B007CRWQ74,3.0,PearsonSimilarity
A1ER5AYS3FQ9O3,B0056234I2,3.0,PearsonSimilarity
A1ER5AYS3FQ9O3,B011U3F9WO,5.0,PearsonSimilarity
A1ER5AYS3FQ9O3,B00K8FJZ2Q,4.0,PearsonSimilarity
A1ER5AYS3FQ9O3,B00DIFIM36,5.0,PearsonSimilarity
A1ER5AYS3FQ9O3,B000RMT7QE,5.0,PearsonSimilarity
A1ER5AYS3FQ9O3,B005G0CUP2,4.0,PearsonSimilarity
A1ER5AYS3FQ9O3,B00CXADBS8,5.0,PearsonSimilarity
A1ER5AYS3FQ9O3,B00066HP7Y,5.0,PearsonSimilarity
A1ER5AYS3FQ9O3,B005AFVHLQ,3.0,PearsonSimilarity
A1ER5AYS3FQ9O3,B00SKD4E74,4.0,PearsonSimilarity
A1ER5AYS3FQ9O3,B00LIAI3N2,4.0,PearsonSimilarity
A1ER5AYS3FQ9O3,B00KK90R1I,2.0,PearsonSimilarity
A1ER5AYS3FQ9O3,B007PTCFFW,4.0,PearsonSimilarity
A1ER5AYS3FQ9O3,B00MN2DMF8,4.37,PearsonSimilarity
A1ER5AYS3FQ9O3,B004GKLW3O,5.0,PearsonSimilarity
A1ER5AYS3FQ9O3,B00GMGDH38,3.0,PearsonSimilarity
A1ER5AYS3FQ9O3,B00003IEKI,4.0,PearsonSimilarity
A1ER5AYS3FQ9O3,B002FL5084,5.0,PearsonSimilarity
A1ER5AYS3FQ9O3,B00YQO6EAQ,4.0,PearsonSimilarity
A1ER5AYS3FQ9O3,B0011E35WE,5.0,PearsonSimilarity
A1ER5AYS3FQ9O3,B00KQCUC2I,4.0,PearsonSimilarity
A1ER5AYS3FQ9O3,B001TOD7MY,4.5,PearsonSimilarity
A1ER5AYS3FQ9O3,B00R61TNTA,5.0,PearsonSimilarity
A1ER5AYS3FQ9O3,B00CD8AFFW,5.0,PearsonSimilarity
A1ER5AYS3FQ9O3,B00Q5HZYKI,5.0,PearsonSimilarity
A1ER5AYS3FQ9O3,B00AR95FP4,4.0,PearsonSimilarity
A1ER5AYS3FQ9O3,B002B71UYA,4.0,PearsonSimilarity
A1ER5AYS3FQ9O3,B002AQSTXM,5.0,PearsonSimilarity
A1ER5AYS3FQ9O3,B00E964X1S,4.0,PearsonSimilarity
A1ER5AYS3FQ9O3,B0043T7FXE,5.0,PearsonSimilarity
A1ER5AYS3FQ9O3,B006DEBYWU,5.0,PearsonSimilarity
A1ER5AYS3FQ9O3,B0012YA85A,5.0,PearsonSimilarity
A1ER5AYS3FQ9O3,B010CC9PTM,5.0,PearsonSimilarity
A1ER5AYS3FQ9O3,B014IQFDL2,3.0,PearsonSimilarity
A1ER5AYS3FQ9O3,B00BCGRXI8,4.0,PearsonSimilarity
A1ER5AYS3FQ9O3,B00001P4WE,5.0,PearsonSimilarity
A1ER5AYS3FQ9O3,B00BCGRVSU,5.0,PearsonSimilarity
A1ER5AYS3FQ9O3,B00DQZTJKI,5.0,PearsonSimilarity
A1ER5AYS3FQ9O3,B0000BZL0U,5.0,PearsonSimilarity
A1ER5AYS3FQ9O3,B004W2T332,2.0,PearsonSimilarity
A1ER5AYS3FQ9O3,B00IU7CGKC,5.0,PearsonSimilarity
A1ER5AYS3FQ9O3,B006WAGG14,5.0,PearsonSimilarity
A1ER5AYS3FQ9O3,B00EO96W2I,5.0,PearsonSimilarity
A1ER5AYS3FQ9O3,B0016G7KRS,5.0,PearsonSimilarity
A1ER5AYS3FQ9O3,B004YAW74O,4.0,PearsonSimilarity
A1ER5AYS3FQ9O3,B002W3IXZW,5.0,PearsonSimilarity
A1ER5AYS3FQ9O3,B0094S35QU,5.0,PearsonSimilarity
A1ER5AYS3FQ9O3,B00004TWLZ,5.0,PearsonSimilarity
A1ER5AYS3FQ9O3,B00EX9JAW8,5.0,PearsonSimilarity
A1ER5AYS3FQ9O3,B002O0L0GC,4.0,PearsonSimilarity
A1ER5AYS3FQ9O3,B00609B3J2,5.0,PearsonSimilarity
A1ER5AYS3FQ9O3,B00IL7BJNQ,5.0,PearsonSimilarity
A1ER5AYS3FQ9O3,B0168G0KZY,5.0,PearsonSimilarity
A1ER5AYS3FQ9O3,B00132DG46,5.0,PearsonSimilarity
A1ER5AYS3FQ9O3,B00JU3XHC6,5.0,PearsonSimilarity
A1ER5AYS3FQ9O3,B00B8PRSPQ,1.0,PearsonSimilarity
A1ER5AYS3FQ9O3,B000EDKP8U,5.0,PearsonSimilarity
A1ER5AYS3FQ9O3,B015RA5DVI,4.0,PearsonSimilarity
A1ER5AYS3FQ9O3,B00EVWX8R0,4.0,PearsonSimilarity
A1ER5AYS3FQ9O3,B000EY5F5C,5.0,PearsonSimilarity
A1ER5AYS3FQ9O3,B00TPLRB16,5.0,PearsonSimilarity
A1ER5AYS3FQ9O3,B00AGBVVI8,4.0,PearsonSimilarity
A1ER5AYS3FQ9O3,B000ZZYLQY,5.0,PearsonSimilarity
A1ER5AYS3FQ9O3,B008YD80KC,1.0,PearsonSimilarity
A1ER5AYS3FQ9O3,B00PZZZAFU,3.0,PearsonSimilarity
A1ER5AYS3FQ9O3,B00085ESA0,2.0,PearsonSimilarity
A1ER5AYS3FQ9O3,B006WHPQD6,4.0,PearsonSimilarity
A1ER5AYS3FQ9O3,B00RYZQXRS,4.0,PearsonSimilarity
A1ER5AYS3FQ9O3,B014FBQ738,5.0,PearsonSimilarity
A1ER5AYS3FQ9O3,B005DLDO4U,5.0,PearsonSimilarity
A1ER5AYS3FQ9O3,B00FA4Y7N2,5.0,PearsonSimilarity
A1ER5AYS3FQ9O3,B00ARB5FNE,4.0,PearsonSimilarity
A1ER5AYS3FQ9O3,B0013IWYHU,5.0,PearsonSimilarity
A1ER5AYS3FQ9O3,B00L12UP3I,4.63,PearsonSimilarity
A1ER5AYS3FQ9O3,B00FEE7GE0,5.0,PearsonSimilarity
A1ER5AYS3FQ9O3,B00O06ZMRG,4.0,PearsonSimilarity
A1ER5AYS3FQ9O3,B0173QHCSG,5.0,PearsonSimilarity
A1ER5AYS3FQ9O3,B00M9B3S0W,5.0,PearsonSimilarity
A1ER5AYS3FQ9O3,B00PU8LSR6,4.0,PearsonSimilarity
A1ER5AYS3FQ9O3,B010UU4G1S,1.0,PearsonSimilarity
A1ER5AYS3FQ9O3,B0052L6Q78,4.0,PearsonSimilarity
A1ER5AYS3FQ9O3,B004CR3XEW,4.0,PearsonSimilarity
A1ER5AYS3FQ9O3,B00NR2Y2UC,5.0,PearsonSimilarity
A1ER5AYS3FQ9O3,B00139E1QQ,5.0,PearsonSimilarity
A1ER5AYS3FQ9O3,B0049SKIDI,2.5,PearsonSimilarity
A1ER5AYS3FQ9O3,B01C4KK0JE,5.0,PearsonSimilarity
A1ER5AYS3FQ9O3,B01B4NUKME,5.0,PearsonSimilarity
A1ER5AYS3FQ9O3,B00G4E2IRE,5.0,PearsonSimilarity
A1ER5AYS3FQ9O3,B00TIT3KYC,5.0,PearsonSimilarity
A1ER5AYS3FQ9O3,B00LP0KC52,5.0,PearsonSimilarity
A1ER5AYS3FQ9O3,B005EJLFXI,5.0,PearsonSimilarity
A1ER5AYS3FQ9O3,B005LJQO9G,5.0,PearsonSimilarity
A1ER5AYS3FQ9O3,B00EPCNB96,5.0,PearsonSimilarity
A1ER5AYS3FQ9O3,B00EDQ8EMS,4.0,PearsonSimilarity
A1ER5AYS3FQ9O3,B000EXWINK,5.0,PearsonSimilarity
A1ER5AYS3FQ9O3,B000JMJWV2,5.0,PearsonSimilarity
A1ER5AYS3FQ9O3,B00EB7UIO6,5.0,PearsonSimilarity
A1ER5AYS3FQ9O3,B004D41ECW,5.0,PearsonSimilarity
A1ER5AYS3FQ9O3,B00BLZ1FAM,5.0,PearsonSimilarity
A1ER5AYS3FQ9O3,B00B73JN2K,5.0,PearsonSimilarity
A1ER5AYS3FQ9O3,B013CSIPGC,4.0,PearsonSimilarity
A1ER5AYS3FQ9O3,B00JZFG6QS,4.0,PearsonSimilarity
A1ER5AYS3FQ9O3,B001NEK0P2,2.0,PearsonSimilarity
A1ER5AYS3FQ9O3,B00PJ27GEM,4.0,PearsonSimilarity
A1ER5AYS3FQ9O3,B00EDCF0MY,5.0,PearsonSimilarity
A1ER5AYS3FQ9O3,B000NWIOM6,2.0,PearsonSimilarity
A1ER5AYS3FQ9O3,B014FBQ00I,5.0,PearsonSimilarity
A1ER5AYS3FQ9O3,B00ITYXRU4,5.0,PearsonSimilarity
A1ER5AYS3FQ9O3,B00GBO3YK2,5.0,PearsonSimilarity
A1ER5AYS3FQ9O3,B00M8K7EJ0,5.0,PearsonSimilarity
A1ER5AYS3FQ9O3,B009H0XQRI,5.0,PearsonSimilarity
A1ER5AYS3FQ9O3,B00SD9KZCI,5.0,PearsonSimilarity
A1ER5AYS3FQ9O3,B00IUHQ0Y0,4.0,PearsonSimilarity
A1ER5AYS3FQ9O3,B008X9ZCDK,5.0,PearsonSimilarity
A1ER5AYS3FQ9O3,B01G26R7LA,5.0,PearsonSimilarity
A1ER5AYS3FQ9O3,B0018LLKR2,5.0,PearsonSimilarity
A1ER5AYS3FQ9O3,B001PKEJYM,5.0,PearsonSimilarity
A1ER5AYS3FQ9O3,B0009JO2YC,5.0,PearsonSimilarity
A1ER5AYS3FQ9O3,B00OK92N70,5.0,PearsonSimilarity
A1ER5AYS3FQ9O3,B007R29HVC,4.0,PearsonSimilarity
A1ER5AYS3FQ9O3,B002L6HDT2,5.0,PearsonSimilarity
A1ER5AYS3FQ9O3,B0149QDBY2,4.0,PearsonSimilarity
A1ER5AYS3FQ9O3,B00AXX0LQW,3.0,PearsonSimilarity
A1ER5AYS3FQ9O3,B00004SABJ,5.0,PearsonSimilarity
A1ER5AYS3FQ9O3,B00G97ANN2,5.0,PearsonSimilarity
A1ER5AYS3FQ9O3,B00ZKSUJNA,5.0,PearsonSimilarity
A1ER5AYS3FQ9O3,B000261N6M,4.0,PearsonSimilarity
A1ER5AYS3FQ9O3,B000ZLULOY,4.0,PearsonSimilarity
A1ER5AYS3FQ9O3,B007PPYZ5Y,5.0,PearsonSimilarity
A1ER5AYS3FQ9O3,B000B6MLRS,5.0,PearsonSimilarity
A1ER5AYS3FQ9O3,B00M55C0NS,4.0,PearsonSimilarity
A1ER5AYS3FQ9O3,B00LP6CFAQ,3.5,PearsonSimilarity
A1ER5AYS3FQ9O3,B000RFFQ2A,5.0,PearsonSimilarity
A1ER5AYS3FQ9O3,B00WPR721G,5.0,PearsonSimilarity
A1ER5AYS3FQ9O3,B005JZ7EV4,4.0,PearsonSimilarity
A1ER5AYS3FQ9O3,B00Z7T6F4Y,5.0,PearsonSimilarity
A1ER5AYS3FQ9O3,B004SMQD1G,5.0,PearsonSimilarity
A1ER5AYS3FQ9O3,B00Z7T7OKI,5.0,PearsonSimilarity
A1ER5AYS3FQ9O3,B004ZF0R22,5.0,PearsonSimilarity
A1ER5AYS3FQ9O3,B00TKGWCGA,5.0,PearsonSimilarity
A1ER5AYS3FQ9O3,B0015A6YN6,4.0,PearsonSimilarity
A1ER5AYS3FQ9O3,B0026HMKFI,5.0,PearsonSimilarity
A1ER5AYS3FQ9O3,B0050A1O64,5.0,PearsonSimilarity
A1ER5AYS3FQ9O3,B00A3YDOW4,3.0,PearsonSimilarity
A1ER5AYS3FQ9O3,B0002WPSBC,5.0,PearsonSimilarity
A1ER5AYS3FQ9O3,B00064V6SK,5.0,PearsonSimilarity
A1ER5AYS3FQ9O3,B00XIU3MJA,4.0,PearsonSimilarity
A1ER5AYS3FQ9O3,B000V5G4TK,5.0,PearsonSimilarity
A1ER5AYS3FQ9O3,B0013FW8XS,5.0,PearsonSimilarity
A1ER5AYS3FQ9O3,B00428N9N6,4.0,PearsonSimilarity
A1ER5AYS3FQ9O3,B005D5M19U,4.0,PearsonSimilarity
A1ER5AYS3FQ9O3,B01DN7NM4M,3.0,PearsonSimilarity
A1ER5AYS3FQ9O3,B004431UBM,4.0,PearsonSimilarity
A1ER5AYS3FQ9O3,B0185C564Y,5.0,PearsonSimilarity
A1ER5AYS3FQ9O3,B00R1EPGRA,5.0,PearsonSimilarity
A1ER5AYS3FQ9O3,B001U3SU8U,2.0,PearsonSimilarity
A1ER5AYS3FQ9O3,B001N2MUD4,5.0,PearsonSimilarity
A1ER5AYS3FQ9O3,B009F7IBZK,4.0,PearsonSimilarity
A1ER5AYS3FQ9O3,B00KCUW3NU,5.0,PearsonSimilarity
A1ER5AYS3FQ9O3,B00SGYK1Y2,4.0,PearsonSimilarity
A1ER5AYS3FQ9O3,B00UWGZOZI,5.0,PearsonSimilarity
A1ER5AYS3FQ9O3,B002DW96R6,5.0,PearsonSimilarity
A1ER5AYS3FQ9O3,B001M5U5AC,5.0,PearsonSimilarity
A1ER5AYS3FQ9O3,B00CROC9JC,4.0,PearsonSimilarity
A1ER5AYS3FQ9O3,B008MF3X8G,4.0,PearsonSimilarity
A1ER5AYS3FQ9O3,B001HTX1XQ,5.0,PearsonSimilarity
A1ER5AYS3FQ9O3,B00PHPWLPA,5.0,PearsonSimilarity
A1ER5AYS3FQ9O3,B000067RVL,5.0,PearsonSimilarity
A1ER5AYS3FQ9O3,B013LDTW9C,4.0,PearsonSimilarity
A1ER5AYS3FQ9O3,B000VXHCQG,5.0,PearsonSimilarity
A1ER5AYS3FQ9O3,B004I5BUSO,4.5,PearsonSimilarity
A1ER5AYS3FQ9O3,B00IU7CCJ2,5.0,PearsonSimilarity
A1ER5AYS3FQ9O3,B00EU9V3S0,5.0,PearsonSimilarity
A1ER5AYS3FQ9O3,B00LPR9JWC,4.0,PearsonSimilarity
A1ER5AYS3FQ9O3,B00A3YN0Z0,5.0,PearsonSimilarity
A1ER5AYS3FQ9O3,B00AQDGAKK,4.0,PearsonSimilarity
A1ER5AYS3FQ9O3,B00K7Y3RCC,5.0,PearsonSimilarity
A1ER5AYS3FQ9O3,B004DI7CWE,5.0,PearsonSimilarity
A1ER5AYS3FQ9O3,B00BE6928U,5.0,PearsonSimilarity
A1ER5AYS3FQ9O3,B00W8XXRPM,5.0,PearsonSimilarity
A1ER5AYS3FQ9O3,B0171E5KLG,5.0,PearsonSimilarity
A1ER5AYS3FQ9O3,B017HKGZ9U,5.0,PearsonSimilarity
A1ER5AYS3FQ9O3,B00LNTNY6E,5.0,PearsonSimilarity
A1ER5AYS3FQ9O3,B00008OE46,5.0,PearsonSimilarity
A1ER5AYS3FQ9O3,B006WFV830,5.0,PearsonSimilarity
A1ER5AYS3FQ9O3,B0000AZ67Z,5.0,PearsonSimilarity
A1ER5AYS3FQ9O3,B009EPSJXM,5.0,PearsonSimilarity
A1ER5AYS3FQ9O3,B00CBB6SJ8,5.0,PearsonSimilarity
A1ER5AYS3FQ9O3,B0060DVXZC,5.0,PearsonSimilarity
A1ER5AYS3FQ9O3,B001F51G0W,4.0,PearsonSimilarity
A1ER5AYS3FQ9O3,B000E1D36S,5.0,PearsonSimilarity
A1ER5AYS3FQ9O3,B00Q6KQ61A,5.0,PearsonSimilarity
A1ER5AYS3FQ9O3,B000RZQZM0,4.61,PearsonSimilarity
A1ER5AYS3FQ9O3,B00028VKLI,5.0,PearsonSimilarity
A1ER5AYS3FQ9O3,B005TDWSJ4,4.0,PearsonSimilarity
A1ER5AYS3FQ9O3,B000I81KS0,5.0,PearsonSimilarity
A1ER5AYS3FQ9O3,B002LEVGMO,5.0,PearsonSimilarity
A1ER5AYS3FQ9O3,B00008VF63,5.0,PearsonSimilarity
A1ER5AYS3FQ9O3,B00PQBTAAE,5.0,PearsonSimilarity
A1ER5AYS3FQ9O3,B00181C9LS,3.0,PearsonSimilarity
A1ER5AYS3FQ9O3,B00F2C3QH0,4.37,PearsonSimilarity
A1ER5AYS3FQ9O3,B001Q3M80A,2.0,PearsonSimilarity
A1ER5AYS3FQ9O3,B00IN4YWGS,4.0,PearsonSimilarity
A1ER5AYS3FQ9O3,B000MVGBFU,4.0,PearsonSimilarity
A1ER5AYS3FQ9O3,B00ZWRSQ4I,5.0,PearsonSimilarity
A1ER5AYS3FQ9O3,B0009XVGMO,5.0,PearsonSimilarity
A1ER5AYS3FQ9O3,B00CHT6CRC,5.0,PearsonSimilarity
A1ER5AYS3FQ9O3,B01770FDAC,5.0,PearsonSimilarity
A1ER5AYS3FQ9O3,B00M4D1V9U,4.0,PearsonSimilarity
A1ER5AYS3FQ9O3,B000ENPDSW,4.0,PearsonSimilarity
A1ER5AYS3FQ9O3,B00B13QQGM,5.0,PearsonSimilarity
A1ER5AYS3FQ9O3,B005BCND2E,3.0,PearsonSimilarity
A1ER5AYS3FQ9O3,B000X38ZO2,5.0,PearsonSimilarity
A1ER5AYS3FQ9O3,B00VF22YQK,5.0,PearsonSimilarity
A1ER5AYS3FQ9O3,B00L21HC7A,5.0,PearsonSimilarity
A1ER5AYS3FQ9O3,B00004ZCJI,5.0,PearsonSimilarity
A1ER5AYS3FQ9O3,B005DIBHA6,5.0,PearsonSimilarity
A1ER5AYS3FQ9O3,B008JOLO4U,3.0,PearsonSimilarity
A1ER5AYS3FQ9O3,B005CQ0RTQ,5.0,PearsonSimilarity
A1ER5AYS3FQ9O3,B00I9ICXQ4,5.0,PearsonSimilarity
A1ER5AYS3FQ9O3,B00MN2P8FK,5.0,PearsonSimilarity
A1ER5AYS3FQ9O3,B00OJGBVAE,5.0,PearsonSimilarity
A1ER5AYS3FQ9O3,B00NTJ2QQU,5.0,PearsonSimilarity
A1ER5AYS3FQ9O3,B011LRY6BO,5.0,PearsonSimilarity
A1ER5AYS3FQ9O3,B004ALM80A,4.0,PearsonSimilarity
A1ER5AYS3FQ9O3,B000LU8A7E,5.0,PearsonSimilarity
A1ER5AYS3FQ9O3,B001630QZE,4.0,PearsonSimilarity
A1ER5AYS3FQ9O3,B000LVIC58,2.0,PearsonSimilarity
A1ER5AYS3FQ9O3,B00LNK37DS,5.0,PearsonSimilarity
A1ER5AYS3FQ9O3,B00C0QBWAO,5.0,PearsonSimilarity
A1ER5AYS3FQ9O3,B00DS4LJYG,3.0,PearsonSimilarity
A1ER5AYS3FQ9O3,B001S2RCXW,5.0,PearsonSimilarity
A1ER5AYS3FQ9O3,B012DT01QS,5.0,PearsonSimilarity
A1ER5AYS3FQ9O3,B007PJ4PN2,5.0,PearsonSimilarity
A1ER5AYS3FQ9O3,B001TH7GUU,5.0,PearsonSimilarity
A1ER5AYS3FQ9O3,B00DQZQRP8,5.0,PearsonSimilarity
A1ER5AYS3FQ9O3,B000066HO4,5.0,PearsonSimilarity
A1ER5AYS3FQ9O3,B00J7YWOT0,5.0,PearsonSimilarity
A1ER5AYS3FQ9O3,B009LL9VDG,4.0,PearsonSimilarity
A1ER5AYS3FQ9O3,B003CJTQJW,5.0,PearsonSimilarity
A1ER5AYS3FQ9O3,B017XPP6Z8,4.0,PearsonSimilarity
A1ER5AYS3FQ9O3,B01GPY34Y8,5.0,PearsonSimilarity
A1ER5AYS3FQ9O3,B00EB200QW,3.0,PearsonSimilarity
A1ER5AYS3FQ9O3,B00M0SBS9C,5.0,PearsonSimilarity
A1ER5AYS3FQ9O3,B0185C55TK,5.0,PearsonSimilarity
A1ER5AYS3FQ9O3,B005FNYADA,5.0,PearsonSimilarity
A1ER5AYS3FQ9O3,B00144CABS,5.0,PearsonSimilarity
A1ER5AYS3FQ9O3,B0002U1TJY,4.0,PearsonSimilarity
A1ER5AYS3FQ9O3,B0015AUPCW,5.0,PearsonSimilarity
A1ER5AYS3FQ9O3,B01GFQPP5M,5.0,PearsonSimilarity
A1ER5AYS3FQ9O3,B003YKG87C,2.0,PearsonSimilarity
A1ER5AYS3FQ9O3,B00FX6LRG2,5.0,PearsonSimilarity
A1ER5AYS3FQ9O3,B00JCE14AU,4.0,PearsonSimilarity
A1ER5AYS3FQ9O3,B01GDB79T4,5.0,PearsonSimilarity
A1ER5AYS3FQ9O3,B017R3UR4Q,5.0,PearsonSimilarity
A1ER5AYS3FQ9O3,B001MYL1BA,4.0,PearsonSimilarity
A1ER5AYS3FQ9O3,B006C4R5VK,4.0,PearsonSimilarity
A1ER5AYS3FQ9O3,B0185DESPG,4.0,PearsonSimilarity
A1ER5AYS3FQ9O3,B00Q30JU7U,3.0,PearsonSimilarity
A1ER5AYS3FQ9O3,B005VR5034,4.0,PearsonSimilarity
A1ER5AYS3FQ9O3,B005VTIMEQ,4.0,PearsonSimilarity
A1ER5AYS3FQ9O3,B009AR2MRI,4.0,PearsonSimilarity
A1ER5AYS3FQ9O3,B00LRYUJQS,5.0,PearsonSimilarity
A1ER5AYS3FQ9O3,B005OFK7KO,5.0,PearsonSimilarity
A1ER5AYS3FQ9O3,B00E3EVXVY,5.0,PearsonSimilarity
A1ER5AYS3FQ9O3,B00O7Q4IBU,5.0,PearsonSimilarity
A1ER5AYS3FQ9O3,B0000AKA8Y,5.0,PearsonSimilarity
A1ER5AYS3FQ9O3,B00CBD7FIO,5.0,PearsonSimilarity
A1ER5AYS3FQ9O3,B00I9ICVZW,5.0,PearsonSimilarity
A1ER5AYS3FQ9O3,B00QN43YFU,1.0,PearsonSimilarity
A1ER5AYS3FQ9O3,B00NEYHIHM,4.0,PearsonSimilarity
A1ER5AYS3FQ9O3,B00J5Z4VF6,5.0,PearsonSimilarity
A1ER5AYS3FQ9O3,B00KSYSNYS,5.0,PearsonSimilarity
A1ER5AYS3FQ9O3,B00B981GLY,3.0,PearsonSimilarity
A1ER5AYS3FQ9O3,B00NXZN0HY,4.0,PearsonSimilarity
A1ER5AYS3FQ9O3,B000H312RK,2.0,PearsonSimilarity
A1ER5AYS3FQ9O3,B00RCYEL7U,4.0,PearsonSimilarity
A1ER5AYS3FQ9O3,B006ZT4VA0,5.0,PearsonSimilarity
A1ER5AYS3FQ9O3,B00O9VKVFK,5.0,PearsonSimilarity
A1ER5AYS3FQ9O3,B00JHKCK0W,5.0,PearsonSimilarity
A1ER5AYS3FQ9O3,B01CEFESRO,5.0,PearsonSimilarity
A1ER5AYS3FQ9O3,B00EF251YO,5.0,PearsonSimilarity
A1ER5AYS3FQ9O3,B00MWRR8OA,5.0,PearsonSimilarity
A1ER5AYS3FQ9O3,B005FPT56K,3.0,PearsonSimilarity
A1ER5AYS3FQ9O3,B00007EDM8,3.0,PearsonSimilarity
A1ER5AYS3FQ9O3,B00P9SI8IE,4.5,PearsonSimilarity
A1ER5AYS3FQ9O3,B0021MGPYA,2.0,PearsonSimilarity
A1ER5AYS3FQ9O3,B0036Q7MV0,5.0,PearsonSimilarity
A1ER5AYS3FQ9O3,B004N6259G,3.0,PearsonSimilarity
A1ER5AYS3FQ9O3,B00IN2WJUG,5.0,PearsonSimilarity
A1ER5AYS3FQ9O3,B001TX9P6W,5.0,PearsonSimilarity
A1ER5AYS3FQ9O3,B00RJBWA9C,5.0,PearsonSimilarity
A1ER5AYS3FQ9O3,B0152OWHP4,5.0,PearsonSimilarity
A1ER5AYS3FQ9O3,B00L23XEQG,5.0,PearsonSimilarity
A1ER5AYS3FQ9O3,B004FPIO18,3.0,PearsonSimilarity
A1ER5AYS3FQ9O3,B000WGHY38,5.0,PearsonSimilarity
A1ER5AYS3FQ9O3,B00LBGUVU6,5.0,PearsonSimilarity
A1ER5AYS3FQ9O3,B00KYTS3TM,4.0,PearsonSimilarity
A1ER5AYS3FQ9O3,B00IN2WD5C,5.0,PearsonSimilarity
A1ER5AYS3FQ9O3,B007S0GQ0I,5.0,PearsonSimilarity
A1ER5AYS3FQ9O3,B00AR95FQI,5.0,PearsonSimilarity
A1ER5AYS3FQ9O3,B01D5H8IIU,5.0,PearsonSimilarity
A1ER5AYS3FQ9O3,B004M3EL3S,3.0,PearsonSimilarity
A1ER5AYS3FQ9O3,B00BERGFV6,5.0,PearsonSimilarity
A1ER5AYS3FQ9O3,B0018KTCIM,4.0,PearsonSimilarity
A1ER5AYS3FQ9O3,B000AY50I8,5.0,PearsonSimilarity
A1ER5AYS3FQ9O3,B00BYRPPAS,5.0,PearsonSimilarity
A1ER5AYS3FQ9O3,B00Z7RKMTA,4.0,PearsonSimilarity
A1ER5AYS3FQ9O3,B01FUCUYA8,5.0,PearsonSimilarity
A1ER5AYS3FQ9O3,B0179FHUXS,4.0,PearsonSimilarity
A1ER5AYS3FQ9O3,B001OC6DD6,5.0,PearsonSimilarity
A1ER5AYS3FQ9O3,B00006JI6E,5.0,PearsonSimilarity
A1ER5AYS3FQ9O3,B004CLYEFK,5.0,PearsonSimilarity
A1ER5AYS3FQ9O3,B007OY5V68,5.0,PearsonSimilarity
A1ER5AYS3FQ9O3,B00EPCNA9C,5.0,PearsonSimilarity
A1ER5AYS3FQ9O3,B0012YKRSI,5.0,PearsonSimilarity
A1ER5AYS3FQ9O3,B00MMLV7VQ,5.0,PearsonSimilarity
A1ER5AYS3FQ9O3,B00EU9V3VW,5.0,PearsonSimilarity
A1ER5AYS3FQ9O3,B00O4VA73G,5.0,PearsonSimilarity
A1ER5AYS3FQ9O3,B00HSTFKCY,4.0,PearsonSimilarity
A1ER5AYS3FQ9O3,B000B60H0G,4.0,PearsonSimilarity
A1ER5AYS3FQ9O3,B00RSWB7BO,5.0,PearsonSimilarity
A1ER5AYS3FQ9O3,B00Z7TRRN2,5.0,PearsonSimilarity
A1ER5AYS3FQ9O3,B00IU7COAE,5.0,PearsonSimilarity
A1ER5AYS3FQ9O3,B000EON3WY,5.0,PearsonSimilarity
A1ER5AYS3FQ9O3,B0051UOUNM,3.0,PearsonSimilarity
A1ER5AYS3FQ9O3,B004H8FN8A,4.0,PearsonSimilarity
A1ER5AYS3FQ9O3,B00MUOOOY2,5.0,PearsonSimilarity
A1ER5AYS3FQ9O3,B007R9CTE2,5.0,PearsonSimilarity
A1ER5AYS3FQ9O3,B0007Y79AI,5.0,PearsonSimilarity
A1ER5AYS3FQ9O3,B0012XJGOK,4.0,PearsonSimilarity
A1ER5AYS3FQ9O3,B0078GCM4G,5.0,PearsonSimilarity
A1ER5AYS3FQ9O3,B008HK3TKS,4.0,PearsonSimilarity
A1ER5AYS3FQ9O3,B00HF8JUCY,5.0,PearsonSimilarity
A1ER5AYS3FQ9O3,B003A2SRUK,3.0,PearsonSimilarity
A1ER5AYS3FQ9O3,B00PVCUA2U,3.0,PearsonSimilarity
A1ER5AYS3FQ9O3,B00DQZO3JK,5.0,PearsonSimilarity
A1ER5AYS3FQ9O3,B001DJ7Y2O,3.53,PearsonSimilarity
A1ER5AYS3FQ9O3,B00G9WHMCW,3.0,PearsonSimilarity
A1ER5AYS3FQ9O3,B016R9VZY2,4.0,PearsonSimilarity
A1ER5AYS3FQ9O3,B003YKG2UK,5.0,PearsonSimilarity
A1ER5AYS3FQ9O3,B001HC6XMO,5.0,PearsonSimilarity
A1ER5AYS3FQ9O3,B004VEJYEO,4.0,PearsonSimilarity
A1ER5AYS3FQ9O3,B0015DYMVO,5.0,PearsonSimilarity
A1ER5AYS3FQ9O3,B00067LYFW,4.0,PearsonSimilarity
A1ER5AYS3FQ9O3,B000FGNM6I,4.0,PearsonSimilarity
A1ER5AYS3FQ9O3,B00G8OUKJ8,5.0,PearsonSimilarity
A1ER5AYS3FQ9O3,B003LSTD38,5.0,PearsonSimilarity
A1ER5AYS3FQ9O3,B00KJGZ5JQ,5.0,PearsonSimilarity
A1ER5AYS3FQ9O3,B016OPZCSY,4.0,PearsonSimilarity
A1ER5AYS3FQ9O3,B01794ACFC,5.0,PearsonSimilarity
A1ER5AYS3FQ9O3,B000Z3U1P6,5.0,PearsonSimilarity
A1ER5AYS3FQ9O3,B00005QBUU,5.0,PearsonSimilarity
A1ER5AYS3FQ9O3,B00002MZ8G,5.0,PearsonSimilarity
A1ER5AYS3FQ9O3,B000V5QV4S,5.0,PearsonSimilarity
A1ER5AYS3FQ9O3,B00BXF5FVU,5.0,PearsonSimilarity
A1ER5AYS3FQ9O3,B008X9Z8NE,5.0,PearsonSimilarity
A1ER5AYS3FQ9O3,B003VW26K6,3.0,PearsonSimilarity
A1ER5AYS3FQ9O3,B0135HDNMG,5.0,PearsonSimilarity
A1ER5AYS3FQ9O3,B00067KZ7A,5.0,PearsonSimilarity
A1ER5AYS3FQ9O3,B00DQZPCTA,5.0,PearsonSimilarity
A1ER5AYS3FQ9O3,B00170MYIS,5.0,PearsonSimilarity
A1ER5AYS3FQ9O3,B002BG0SO4,4.0,PearsonSimilarity
A1ER5AYS3FQ9O3,B00ESBRBD6,5.0,PearsonSimilarity
A1ER5AYS3FQ9O3,B005INAVHQ,4.0,PearsonSimilarity
A1ER5AYS3FQ9O3,B0006HBCL8,5.0,PearsonSimilarity
A1ER5AYS3FQ9O3,B00E3VLB28,4.0,PearsonSimilarity
A1ER5AYS3FQ9O3,B00NWRO2SE,5.0,PearsonSimilarity
A1ER5AYS3FQ9O3,B0062XB9FE,5.0,PearsonSimilarity
A1ER5AYS3FQ9O3,B0038KV2O2,4.0,PearsonSimilarity
A1ER5AYS3FQ9O3,B017LTKTDU,5.0,PearsonSimilarity
A1ER5AYS3FQ9O3,B00IU7CLD4,5.0,PearsonSimilarity
A1ER5AYS3FQ9O3,B006PU81QE,2.0,PearsonSimilarity
A1ER5AYS3FQ9O3,B0176HDRRM,1.0,PearsonSimilarity
A1ER5AYS3FQ9O3,B00HPM1G8Q,4.0,PearsonSimilarity
A1ER5AYS3FQ9O3,B00STPHMI6,3.0,PearsonSimilarity
A1ER5AYS3FQ9O3,B000FOYMKU,5.0,PearsonSimilarity
A1ER5AYS3FQ9O3,B00C0NWAPS,4.0,PearsonSimilarity
A1ER5AYS3FQ9O3,B000EW8074,5.0,PearsonSimilarity
A1ER5AYS3FQ9O3,B00J4TFCZ6,4.0,PearsonSimilarity
A1ER5AYS3FQ9O3,B009YE461C,4.0,PearsonSimilarity
A1ER5AYS3FQ9O3,B007C0YB2O,4.0,PearsonSimilarity
A1ER5AYS3FQ9O3,B00O4CT006,5.0,PearsonSimilarity
A1ER5AYS3FQ9O3,B01635T4G6,4.0,PearsonSimilarity
A1ER5AYS3FQ9O3,B00BN3VSRM,4.0,PearsonSimilarity
A1ER5AYS3FQ9O3,B002NDBD8K,4.0,PearsonSimilarity
A1ER5AYS3FQ9O3,B00J58BEIK,5.0,PearsonSimilarity
A1ER5AYS3FQ9O3,B00HVT27OA,5.0,PearsonSimilarity
A1ER5AYS3FQ9O3,B012PKHWGC,5.0,PearsonSimilarity
A1ER5AYS3FQ9O3,B011LRYQ64,5.0,PearsonSimilarity
A1ER5AYS3FQ9O3,B00BF9I0JI,3.0,PearsonSimilarity
A1ER5AYS3FQ9O3,B00M7D93Q0,5.0,PearsonSimilarity
A1ER5AYS3FQ9O3,B00PJALISY,5.0,PearsonSimilarity
A1ER5AYS3FQ9O3,B00W586H5W,5.0,PearsonSimilarity
A1ER5AYS3FQ9O3,B00000J1U8,3.0,PearsonSimilarity
A1ER5AYS3FQ9O3,B005LIDMYM,4.0,PearsonSimilarity
A1ER5AYS3FQ9O3,B012S0ZQNU,5.0,PearsonSimilarity
A1ER5AYS3FQ9O3,B01F4YZ1V4,5.0,PearsonSimilarity
A1ER5AYS3FQ9O3,B0009B05H8,5.0,PearsonSimilarity
A1ER5AYS3FQ9O3,B001A4LVYY,5.0,PearsonSimilarity
A1ER5AYS3FQ9O3,B00KSFDE6Y,4.0,PearsonSimilarity
A1ER5AYS3FQ9O3,B00U1UECXK,4.0,PearsonSimilarity
A1ER5AYS3FQ9O3,B00KFD0SEA,5.0,PearsonSimilarity
A1ER5AYS3FQ9O3,B000FNFSPY,5.0,PearsonSimilarity
A1ER5AYS3FQ9O3,B00HZOQDNW,5.0,PearsonSimilarity
A1ER5AYS3FQ9O3,B00EUFP66Y,5.0,PearsonSimilarity
A1ER5AYS3FQ9O3,B0033QJLQW,4.0,PearsonSimilarity
A1ER5AYS3FQ9O3,B003ZUEYBS,5.0,PearsonSimilarity
A1ER5AYS3FQ9O3,B00K0HMX12,4.0,PearsonSimilarity
A1ER5AYS3FQ9O3,B000XB43I6,5.0,PearsonSimilarity
A1ER5AYS3FQ9O3,B00EMB4LUI,3.0,PearsonSimilarity
A1ER5AYS3FQ9O3,B000H72MMU,5.0,PearsonSimilarity
A1ER5AYS3FQ9O3,B008X9ZDGG,4.0,PearsonSimilarity
A1ER5AYS3FQ9O3,B005INAU90,3.0,PearsonSimilarity
A1ER5AYS3FQ9O3,B007PJ4Q40,5.0,PearsonSimilarity
A1ER5AYS3FQ9O3,B01H74VK6Y,5.0,PearsonSimilarity
A1ER5AYS3FQ9O3,B004IS7ROW,5.0,PearsonSimilarity
A1ER5AYS3FQ9O3,B0000DFZ2U,5.0,PearsonSimilarity
A1ER5AYS3FQ9O3,B00BAOX6EC,4.0,PearsonSimilarity
A1ER5AYS3FQ9O3,B00HNXD2PC,4.0,PearsonSimilarity
A1ER5AYS3FQ9O3,B00U2O3Y02,4.0,PearsonSimilarity
A1ER5AYS3FQ9O3,B002VS4V0Y,4.0,PearsonSimilarity
A1ER5AYS3FQ9O3,B00004Z8X5,2.0,PearsonSimilarity
A1ER5AYS3FQ9O3,B0058GK55Q,5.0,PearsonSimilarity
A1ER5AYS3FQ9O3,B00AYTZ3LI,4.0,PearsonSimilarity
A1ER5AYS3FQ9O3,B001F51IMI,4.0,PearsonSimilarity
A1ER5AYS3FQ9O3,B006TZM6XO,5.0,PearsonSimilarity
A1ER5AYS3FQ9O3,B000CSWCQA,4.0,PearsonSimilarity
A1ER5AYS3FQ9O3,B000VW2Q9K,5.0,PearsonSimilarity
A1ER5AYS3FQ9O3,B007EVKIXW,5.0,PearsonSimilarity
A1ER5AYS3FQ9O3,B0042FZ51I,5.0,PearsonSimilarity
A1ER5AYS3FQ9O3,B00004ZCJJ,5.0,PearsonSimilarity
A1ER5AYS3FQ9O3,B009X6D2MU,5.0,PearsonSimilarity
A1ER5AYS3FQ9O3,B002Y6CJJ8,5.0,PearsonSimilarity
A1ER5AYS3FQ9O3,B00NH1AFFY,5.0,PearsonSimilarity
A1ER5AYS3FQ9O3,B00CE4CKXK,4.0,PearsonSimilarity
A1ER5AYS3FQ9O3,B005MJU1DA,5.0,PearsonSimilarity
A1ER5AYS3FQ9O3,B00AEZIESG,5.0,PearsonSimilarity
A1ER5AYS3FQ9O3,B00E38BR8O,5.0,PearsonSimilarity
A1ER5AYS3FQ9O3,B004ABHKZ8,5.0,PearsonSimilarity
A1ER5AYS3FQ9O3,B00DW0N46C,5.0,PearsonSimilarity
A1ER5AYS3FQ9O3,B0006MXK04,5.0,PearsonSimilarity
A1ER5AYS3FQ9O3,B009AU2IA6,4.0,PearsonSimilarity
A1ER5AYS3FQ9O3,B005CHMKU4,5.0,PearsonSimilarity
A1ER5AYS3FQ9O3,B01CE7IDEQ,5.0,PearsonSimilarity
A1ER5AYS3FQ9O3,B00B4I46OS,5.0,PearsonSimilarity
A1ER5AYS3FQ9O3,B00OJGC7XE,5.0,PearsonSimilarity
A1ER5AYS3FQ9O3,B001FA1NCI,4.0,PearsonSimilarity
A1ER5AYS3FQ9O3,B00ENKQ1ZQ,5.0,PearsonSimilarity
A1ER5AYS3FQ9O3,B003XDE8TK,5.0,PearsonSimilarity
A1ER5AYS3FQ9O3,B0021LT066,1.0,PearsonSimilarity
A1ER5AYS3FQ9O3,B002C03BKM,3.0,PearsonSimilarity
A1ER5AYS3FQ9O3,B000VEPC6W,5.0,PearsonSimilarity
A1ER5AYS3FQ9O3,B00CS9R4KA,4.0,PearsonSimilarity
A1ER5AYS3FQ9O3,B00F93IOR4,3.0,PearsonSimilarity
A1ER5AYS3FQ9O3,B002WC8862,5.0,PearsonSimilarity
A1ER5AYS3FQ9O3,B015XQK6GS,5.0,PearsonSimilarity
A1ER5AYS3FQ9O3,B0002855KK,5.0,PearsonSimilarity
A1ER5AYS3FQ9O3,B003O2RVF8,4.0,PearsonSimilarity
A1ER5AYS3FQ9O3,B003BQ1D4C,5.0,PearsonSimilarity
A1ER5AYS3FQ9O3,B007B5WHTE,4.0,PearsonSimilarity
A1ER5AYS3FQ9O3,B018DFUJV8,5.0,PearsonSimilarity
A1ER5AYS3FQ9O3,B00ATZ9I90,5.0,PearsonSimilarity
A1ER5AYS3FQ9O3,B00E87E1OM,4.0,PearsonSimilarity
A1ER5AYS3FQ9O3,B00KDQR1OY,5.0,PearsonSimilarity
A1ER5AYS3FQ9O3,B003ZS0UXG,5.0,PearsonSimilarity
A1ER5AYS3FQ9O3,B00E3FJJYG,5.0,PearsonSimilarity
A1ER5AYS3FQ9O3,B00J3YE24O,5.0,PearsonSimilarity
A1ER5AYS3FQ9O3,B005TDWY4I,4.0,PearsonSimilarity
A1ER5AYS3FQ9O3,B01DF5AFDI,5.0,PearsonSimilarity
A1ER5AYS3FQ9O3,B009HPBR9M,5.0,PearsonSimilarity
A1ER5AYS3FQ9O3,B00DOPW45W,5.0,PearsonSimilarity
A1ER5AYS3FQ9O3,B001TYRYHS,5.0,PearsonSimilarity
A1ER5AYS3FQ9O3,B00N1LHFEY,5.0,PearsonSimilarity
A1ER5AYS3FQ9O3,B002UT42UI,3.0,PearsonSimilarity
A1ER5AYS3FQ9O3,B006LW0W5Y,5.0,PearsonSimilarity
A1ER5AYS3FQ9O3,B003LVZO88,5.0,PearsonSimilarity
A1ER5AYS3FQ9O3,B00BEVL4OU,4.0,PearsonSimilarity
A1ER5AYS3FQ9O3,B00M1VIMAQ,5.0,PearsonSimilarity
A1ER5AYS3FQ9O3,B01BOUSGFK,5.0,PearsonSimilarity
A1ER5AYS3FQ9O3,B009E6J1DI,5.0,PearsonSimilarity
A1ER5AYS3FQ9O3,B00JD4SYT8,5.0,PearsonSimilarity
A1ER5AYS3FQ9O3,B00Z7RLFYQ,5.0,PearsonSimilarity
A1ER5AYS3FQ9O3,B00MHI0JIG,4.0,PearsonSimilarity
A1ER5AYS3FQ9O3,B00RCTEJVS,5.0,PearsonSimilarity
A1ER5AYS3FQ9O3,B004Z74P0K,2.0,PearsonSimilarity
A1ER5AYS3FQ9O3,B0097CXWUW,5.0,PearsonSimilarity
A1ER5AYS3FQ9O3,B000U39VSY,5.0,PearsonSimilarity
A1ER5AYS3FQ9O3,B00150IYRU,5.0,PearsonSimilarity
A1ER5AYS3FQ9O3,B00BWF5U0M,5.0,PearsonSimilarity
A1ER5AYS3FQ9O3,0789743035,5.0,PearsonSimilarity
A1ER5AYS3FQ9O3,B00DEQM1Q8,5.0,PearsonSimilarity
A1ER5AYS3FQ9O3,B00KVME2HE,4.0,PearsonSimilarity
A1ER5AYS3FQ9O3,B00U6GOXUQ,3.0,PearsonSimilarity
A1ER5AYS3FQ9O3,B00JAKNKOO,5.0,PearsonSimilarity
A1ER5AYS3FQ9O3,B009A5204K,4.0,PearsonSimilarity
A1ER5AYS3FQ9O3,B000FNDWLQ,5.0,PearsonSimilarity
A1ER5AYS3FQ9O3,B00H0BQKSI,5.0,PearsonSimilarity
A1ER5AYS3FQ9O3,B0037H8AB4,5.0,PearsonSimilarity
A1ER5AYS3FQ9O3,B00ID9TQTG,3.0,PearsonSimilarity
A1ER5AYS3FQ9O3,B013LIN5W2,4.0,PearsonSimilarity
A1ER5AYS3FQ9O3,B00QIWGWVK,5.0,PearsonSimilarity
A1ER5AYS3FQ9O3,B00119T6NQ,5.0,PearsonSimilarity
A1ER5AYS3FQ9O3,B00359F1G6,4.0,PearsonSimilarity
A1ER5AYS3FQ9O3,B00ODYYJGK,5.0,PearsonSimilarity
A1ER5AYS3FQ9O3,B002RCDKVK,5.0,PearsonSimilarity
A1ER5AYS3FQ9O3,B011LRVPZE,5.0,PearsonSimilarity
A1ER5AYS3FQ9O3,B007B5QQ96,3.0,PearsonSimilarity
A1ER5AYS3FQ9O3,B00GO1UV4E,5.0,PearsonSimilarity
A1ER5AYS3FQ9O3,B00007E7JU,5.0,PearsonSimilarity
A1ER5AYS3FQ9O3,B0030XXH1S,3.0,PearsonSimilarity
A1ER5AYS3FQ9O3,B00008XETO,3.0,PearsonSimilarity
A1ER5AYS3FQ9O3,B00EL8NII8,2.0,PearsonSimilarity
A1ER5AYS3FQ9O3,B00GMEB2KK,5.0,PearsonSimilarity
A1ER5AYS3FQ9O3,B00076TK6M,1.0,PearsonSimilarity
A1ER5AYS3FQ9O3,B0000A1G05,4.0,PearsonSimilarity
A1ER5AYS3FQ9O3,B00654SKKM,2.0,PearsonSimilarity
A1ER5AYS3FQ9O3,B007KDGE1O,1.0,PearsonSimilarity
A1ER5AYS3FQ9O3,B007C0Y8R2,5.0,PearsonSimilarity
A1ER5AYS3FQ9O3,B00009R6UU,5.0,PearsonSimilarity
A1ER5AYS3FQ9O3,B0001YFXCA,5.0,PearsonSimilarity
A1ER5AYS3FQ9O3,B007FPIQ72,4.0,PearsonSimilarity
A1ER5AYS3FQ9O3,B0011NVMO8,4.0,PearsonSimilarity
A1ER5AYS3FQ9O3,B005EM6IAA,4.5,PearsonSimilarity
A1ER5AYS3FQ9O3,B00009U0XI,5.0,PearsonSimilarity
A1ER5AYS3FQ9O3,B00SU3XOI4,5.0,PearsonSimilarity
A1ER5AYS3FQ9O3,B000EQ5HSK,5.0,PearsonSimilarity
A1ER5AYS3FQ9O3,B01CFWE4SO,4.0,PearsonSimilarity
A1ER5AYS3FQ9O3,B008X1BV2Y,5.0,PearsonSimilarity
A1ER5AYS3FQ9O3,B010NCWZ0M,5.0,PearsonSimilarity
A1ER5AYS3FQ9O3,B00006B7T7,5.0,PearsonSimilarity
A1ER5AYS3FQ9O3,B00OLE9606,5.0,PearsonSimilarity
A1ER5AYS3FQ9O3,B004EOX7CQ,4.0,PearsonSimilarity
A1ER5AYS3FQ9O3,B0014KS0FW,4.0,PearsonSimilarity
A1ER5AYS3FQ9O3,B00I2N6O20,5.0,PearsonSimilarity
A1ER5AYS3FQ9O3,B0015EWMX8,4.5,PearsonSimilarity
A1ER5AYS3FQ9O3,B00CD1FB26,5.0,PearsonSimilarity
A1ER5AYS3FQ9O3,B00JEU3ZA4,4.0,PearsonSimilarity
A1ER5AYS3FQ9O3,B01DACQMH4,5.0,PearsonSimilarity
A1ER5AYS3FQ9O3,B00HLF1LJQ,4.0,PearsonSimilarity
A1ER5AYS3FQ9O3,B016QO6RTQ,5.0,PearsonSimilarity
A1ER5AYS3FQ9O3,B01D5H8EIE,3.0,PearsonSimilarity
A1ER5AYS3FQ9O3,B00T7XT0S4,4.0,PearsonSimilarity
A1ER5AYS3FQ9O3,B000OLDG60,5.0,PearsonSimilarity
A1ER5AYS3FQ9O3,B00URNW4A4,5.0,PearsonSimilarity
A1ER5AYS3FQ9O3,B00FQ1NO9W,5.0,PearsonSimilarity
A1ER5AYS3FQ9O3,B008C1JC4O,5.0,PearsonSimilarity
A1ER5AYS3FQ9O3,B004XQWGHW,3.0,PearsonSimilarity
A1ER5AYS3FQ9O3,B005450ZUG,5.0,PearsonSimilarity
A1ER5AYS3FQ9O3,B00G91T686,4.0,PearsonSimilarity
A1ER5AYS3FQ9O3,B00F6E8OUS,4.5,PearsonSimilarity
A1ER5AYS3FQ9O3,B00188OGIA,2.0,PearsonSimilarity
A1ER5AYS3FQ9O3,B001AEEZP6,5.0,PearsonSimilarity
A1ER5AYS3FQ9O3,B000WS204Y,2.0,PearsonSimilarity
A1ER5AYS3FQ9O3,B001DZJVO2,4.0,PearsonSimilarity
A1ER5AYS3FQ9O3,B00G76VT9W,5.0,PearsonSimilarity
A1ER5AYS3FQ9O3,B0171I5PK8,5.0,PearsonSimilarity
A1ER5AYS3FQ9O3,B00EL8NJ82,4.5,PearsonSimilarity
A1ER5AYS3FQ9O3,B012XYMWGU,5.0,PearsonSimilarity
A1ER5AYS3FQ9O3,B000A2JU7W,5.0,PearsonSimilarity
A1ER5AYS3FQ9O3,B000F7QRTG,5.0,PearsonSimilarity
A1ER5AYS3FQ9O3,B00BXF7I9M,1.0,PearsonSimilarity
A1ER5AYS3FQ9O3,B0076MBOC8,4.0,PearsonSimilarity
A1ER5AYS3FQ9O3,B004CLYEE6,4.0,PearsonSimilarity
A1ER5AYS3FQ9O3,B001DUSXVE,5.0,PearsonSimilarity
A1ER5AYS3FQ9O3,B017P1UIDA,5.0,PearsonSimilarity
A1ER5AYS3FQ9O3,B000V53O8O,5.0,PearsonSimilarity
A1ER5AYS3FQ9O3,B000V5CVU6,5.0,PearsonSimilarity
A1ER5AYS3FQ9O3,B01FWY7VD2,4.07,PearsonSimilarity
A1ER5AYS3FQ9O3,B00G0R3J8C,1.0,PearsonSimilarity
A1ER5AYS3FQ9O3,B006W8U2MU,5.0,PearsonSimilarity
A1ER5AYS3FQ9O3,B006MB9AEI,4.0,PearsonSimilarity
A1ER5AYS3FQ9O3,B001T0HFNA,4.0,PearsonSimilarity
A1ER5AYS3FQ9O3,B00SS3EWG4,4.0,PearsonSimilarity
A1ER5AYS3FQ9O3,B00OVG1904,4.0,PearsonSimilarity
A1ER5AYS3FQ9O3,B004XNLR16,5.0,PearsonSimilarity
A1ER5AYS3FQ9O3,B00G5CKH6O,5.0,PearsonSimilarity
A1ER5AYS3FQ9O3,B00M0RHPYU,5.0,PearsonSimilarity
A1ER5AYS3FQ9O3,B00XITM5UI,5.0,PearsonSimilarity
A1ER5AYS3FQ9O3,B000NP3DJW,5.0,PearsonSimilarity
A1ER5AYS3FQ9O3,B000W4CH9Q,1.0,PearsonSimilarity
A1ER5AYS3FQ9O3,B00063RT6Y,5.0,PearsonSimilarity
A1ER5AYS3FQ9O3,B004FLL5C2,5.0,PearsonSimilarity
A1ER5AYS3FQ9O3,B00INTDOT4,4.0,PearsonSimilarity
A1ER5AYS3FQ9O3,B00AW4J2HG,4.0,PearsonSimilarity
A1ER5AYS3FQ9O3,B00PZZZDS4,4.0,PearsonSimilarity
A1ER5AYS3FQ9O3,B0014SWPO6,5.0,PearsonSimilarity
A1ER5AYS3FQ9O3,B00MUTWLW4,4.0,PearsonSimilarity
A1ER5AYS3FQ9O3,B0009RML8S,1.0,PearsonSimilarity
A1ER5AYS3FQ9O3,B0006LSINO,5.0,PearsonSimilarity
A1ER5AYS3FQ9O3,B011LRXZK2,5.0,PearsonSimilarity
A1ER5AYS3FQ9O3,B00ZCFYF2W,4.0,PearsonSimilarity
A1ER5AYS3FQ9O3,B00439GMJ2,5.0,PearsonSimilarity
A1ER5AYS3FQ9O3,B005Z5HT2M,4.0,PearsonSimilarity
A1ER5AYS3FQ9O3,B017BKAUP6,5.0,PearsonSimilarity
A1ER5AYS3FQ9O3,B001FA1NZK,5.0,PearsonSimilarity
A1ER5AYS3FQ9O3,B00VBNTNLC,5.0,PearsonSimilarity
A1ER5AYS3FQ9O3,B00A9S3OMY,5.0,PearsonSimilarity
A1ER5AYS3FQ9O3,B00Z7SQXXS,5.0,PearsonSimilarity
A1ER5AYS3FQ9O3,B007W7PK04,4.0,PearsonSimilarity
A1ER5AYS3FQ9O3,B009O412AU,5.0,PearsonSimilarity
A1ER5AYS3FQ9O3,B006K551TO,5.0,PearsonSimilarity
A1ER5AYS3FQ9O3,B00LA1G7DC,5.0,PearsonSimilarity
A1ER5AYS3FQ9O3,B0029QRA1U,5.0,PearsonSimilarity
A1ER5AYS3FQ9O3,B000V4TMWC,5.0,PearsonSimilarity
A1ER5AYS3FQ9O3,B00RE20CVO,5.0,PearsonSimilarity
A1ER5AYS3FQ9O3,B00J238GV6,5.0,PearsonSimilarity
A1ER5AYS3FQ9O3,B0032ANCP0,4.0,PearsonSimilarity
A1ER5AYS3FQ9O3,B00J4D3RTU,5.0,PearsonSimilarity
A1ER5AYS3FQ9O3,B000AL8JKW,5.0,PearsonSimilarity
A1ER5AYS3FQ9O3,B00LNTL308,5.0,PearsonSimilarity
A1ER5AYS3FQ9O3,B0077EAOSU,5.0,PearsonSimilarity
A1ER5AYS3FQ9O3,B000LFWKC0,5.0,PearsonSimilarity
A1ER5AYS3FQ9O3,B0001YGIB0,5.0,PearsonSimilarity
A1ER5AYS3FQ9O3,B000BQ7GW8,5.0,PearsonSimilarity
A1ER5AYS3FQ9O3,B00BPAIULA,5.0,PearsonSimilarity
A1ER5AYS3FQ9O3,B005OYR9D8,4.0,PearsonSimilarity
A1ER5AYS3FQ9O3,B00LGWGLSG,5.0,PearsonSimilarity
A1ER5AYS3FQ9O3,B00FLZ2F5W,5.0,PearsonSimilarity
A1ER5AYS3FQ9O3,B00R1SCDSQ,5.0,PearsonSimilarity
A1ER5AYS3FQ9O3,B00MOSL9NI,5.0,PearsonSimilarity
A1ER5AYS3FQ9O3,B00L26YDA4,4.0,PearsonSimilarity
A1ER5AYS3FQ9O3,B00L9HECX4,5.0,PearsonSimilarity
A1ER5AYS3FQ9O3,B00604RZRQ,4.0,PearsonSimilarity
A1ER5AYS3FQ9O3,B002L5ZEYO,4.5,PearsonSimilarity
A1ER5AYS3FQ9O3,B00168YB78,5.0,PearsonSimilarity
A1ER5AYS3FQ9O3,B000067RGB,4.0,PearsonSimilarity
A1ER5AYS3FQ9O3,B00MQEWQK0,4.5,PearsonSimilarity
A1ER5AYS3FQ9O3,B00D6Y0U8E,5.0,PearsonSimilarity
A1ER5AYS3FQ9O3,B00G4FCKB2,5.0,PearsonSimilarity
A1ER5AYS3FQ9O3,B005EJLFXS,5.0,PearsonSimilarity
A1ER5AYS3FQ9O3,B00017LRF4,4.0,PearsonSimilarity
A1ER5AYS3FQ9O3,B005QCDY50,5.0,PearsonSimilarity
A1ER5AYS3FQ9O3,B005276QS6,2.0,PearsonSimilarity
A1ER5AYS3FQ9O3,B00B3P15M8,5.0,PearsonSimilarity
A1ER5AYS3FQ9O3,B001TH7GVO,5.0,PearsonSimilarity
A1ER5AYS3FQ9O3,B005BZNE2U,4.0,PearsonSimilarity
A1ER5AYS3FQ9O3,B00WE5PL94,4.0,PearsonSimilarity
A1ER5AYS3FQ9O3,B0007T27HI,4.53,PearsonSimilarity
A1ER5AYS3FQ9O3,B0000CD08M,5.0,PearsonSimilarity
A1ER5AYS3FQ9O3,B00109Y2DQ,5.0,PearsonSimilarity
A1ER5AYS3FQ9O3,B011C3PH0Q,5.0,PearsonSimilarity
A1ER5AYS3FQ9O3,B014I8UHXE,5.0,PearsonSimilarity
A1ER5AYS3FQ9O3,B00191QN6O,4.0,PearsonSimilarity
A1ER5AYS3FQ9O3,B00AB3CGX0,4.0,PearsonSimilarity
A1ER5AYS3FQ9O3,B01BGTG41W,4.0,PearsonSimilarity
A1ER5AYS3FQ9O3,B0171WSOZC,4.0,PearsonSimilarity
A1ER5AYS3FQ9O3,B00U2TJ6HW,4.0,PearsonSimilarity
A1ER5AYS3FQ9O3,B0054CFNJM,4.0,PearsonSimilarity
A1ER5AYS3FQ9O3,B01B3J0YZ2,5.0,PearsonSimilarity
A1ER5AYS3FQ9O3,B00HM9NVOY,5.0,PearsonSimilarity
A1ER5AYS3FQ9O3,B011QDGWVU,5.0,PearsonSimilarity
A1ER5AYS3FQ9O3,B0042X8PB2,4.0,PearsonSimilarity
A1ER5AYS3FQ9O3,B00CZ6WC3A,5.0,PearsonSimilarity
A1ER5AYS3FQ9O3,B00MAJB6ES,5.0,PearsonSimilarity
A1ER5AYS3FQ9O3,B00OR2H2M6,4.0,PearsonSimilarity
A1ER5AYS3FQ9O3,B007IL72CI,5.0,PearsonSimilarity
A1ER5AYS3FQ9O3,B00KH9DJ0M,5.0,PearsonSimilarity
A1ER5AYS3FQ9O3,B009C98NPY,5.0,PearsonSimilarity
A1ER5AYS3FQ9O3,B001F50UDG,2.0,PearsonSimilarity
A1ER5AYS3FQ9O3,B015ZD71P8,5.0,PearsonSimilarity
A1ER5AYS3FQ9O3,B005NFG33A,5.0,PearsonSimilarity
A1ER5AYS3FQ9O3,B004LB5AZY,4.47,PearsonSimilarity
A1ER5AYS3FQ9O3,B00009KLAE,5.0,PearsonSimilarity
A1ER5AYS3FQ9O3,B0090C6THM,4.0,PearsonSimilarity
A1ER5AYS3FQ9O3,B0019RGQVU,5.0,PearsonSimilarity
A1ER5AYS3FQ9O3,B002QUZL10,5.0,PearsonSimilarity
A1ER5AYS3FQ9O3,B0099TX7O4,5.0,PearsonSimilarity
A1ER5AYS3FQ9O3,B0067WUVF4,4.0,PearsonSimilarity
A1ER5AYS3FQ9O3,B0002V9IKK,5.0,PearsonSimilarity
A1ER5AYS3FQ9O3,B00DQZRQPI,5.0,PearsonSimilarity
A1ER5AYS3FQ9O3,B018SKDR3K,5.0,PearsonSimilarity
A1ER5AYS3FQ9O3,B009HHY2TW,5.0,PearsonSimilarity
A1ER5AYS3FQ9O3,B00S6DBGJM,5.0,PearsonSimilarity
A1ER5AYS3FQ9O3,B01CN478DM,5.0,PearsonSimilarity
A1ER5AYS3FQ9O3,B015RERA38,5.0,PearsonSimilarity
A1ER5AYS3FQ9O3,B00004SPUN,3.0,PearsonSimilarity
A1ER5AYS3FQ9O3,B00KX2YXTY,4.0,PearsonSimilarity
A1ER5AYS3FQ9O3,B0000BZL83,5.0,PearsonSimilarity
A1ER5AYS3FQ9O3,B00K91DB7Y,2.0,PearsonSimilarity
A1ER5AYS3FQ9O3,B00DM24HNE,5.0,PearsonSimilarity
A1ER5AYS3FQ9O3,B0011E67BA,5.0,PearsonSimilarity
A1ER5AYS3FQ9O3,B00HPM1FZ0,4.0,PearsonSimilarity
A1ER5AYS3FQ9O3,B0063705PE,4.0,PearsonSimilarity
A1ER5AYS3FQ9O3,B000BKJZ9Q,5.0,PearsonSimilarity
A1ER5AYS3FQ9O3,B01C8PI3ZI,5.0,PearsonSimilarity
A1ER5AYS3FQ9O3,B00AW48DS0,5.0,PearsonSimilarity
A1ER5AYS3FQ9O3,B016QO6RW8,5.0,PearsonSimilarity
A1ER5AYS3FQ9O3,B018I2I0RQ,5.0,PearsonSimilarity
A1ER5AYS3FQ9O3,B004CLYEHS,5.0,PearsonSimilarity
A1ER5AYS3FQ9O3,B001PNNXGO,5.0,PearsonSimilarity
A1ER5AYS3FQ9O3,B005ZLOW8K,5.0,PearsonSimilarity
A1ER5AYS3FQ9O3,B003JQLI9O,3.0,PearsonSimilarity
A1ER5AYS3FQ9O3,B009DAP7IS,5.0,PearsonSimilarity
A1ER5AYS3FQ9O3,B00ATFFHEA,4.0,PearsonSimilarity
A1ER5AYS3FQ9O3,B00902SHEU,4.0,PearsonSimilarity
A1ER5AYS3FQ9O3,B0050A1O5U,5.0,PearsonSimilarity
A1ER5AYS3FQ9O3,B017IP36P0,5.0,PearsonSimilarity
A1ER5AYS3FQ9O3,B00CD57PL2,4.0,PearsonSimilarity
A1ER5AYS3FQ9O3,B001M4XCHQ,5.0,PearsonSimilarity
A1ER5AYS3FQ9O3,B0037TMI9C,4.0,PearsonSimilarity
A1ER5AYS3FQ9O3,B018JUPY3A,5.0,PearsonSimilarity
A1ER5AYS3FQ9O3,B0012MXZ3Y,5.0,PearsonSimilarity
A1ER5AYS3FQ9O3,B00NJNFW1C,5.0,PearsonSimilarity
A1ER5AYS3FQ9O3,B00009V2PG,3.0,PearsonSimilarity
A1ER5AYS3FQ9O3,B001O83XR4,4.0,PearsonSimilarity
A1ER5AYS3FQ9O3,B00Q59EQ3C,5.0,PearsonSimilarity
A1ER5AYS3FQ9O3,B001G0WPLK,4.0,PearsonSimilarity
A1ER5AYS3FQ9O3,B0007KX4TM,5.0,PearsonSimilarity
A1ER5AYS3FQ9O3,B00OCHC11S,4.0,PearsonSimilarity
A1ER5AYS3FQ9O3,B006K550J0,5.0,PearsonSimilarity
A1ER5AYS3FQ9O3,B00B1HV7YO,4.0,PearsonSimilarity
A1ER5AYS3FQ9O3,B006M1MW1Q,5.0,PearsonSimilarity
A1ER5AYS3FQ9O3,B00011R2VS,5.0,PearsonSimilarity
A1ER5AYS3FQ9O3,B0000668YP,5.0,PearsonSimilarity
A1ER5AYS3FQ9O3,B00DQZP8PI,5.0,PearsonSimilarity
A1ER5AYS3FQ9O3,B00080SBD0,2.0,PearsonSimilarity
A1ER5AYS3FQ9O3,B00IPSC6F6,5.0,PearsonSimilarity
A1ER5AYS3FQ9O3,B0046TAIUI,5.0,PearsonSimilarity
A1ER5AYS3FQ9O3,B00JF0D8AK,5.0,PearsonSimilarity
A1ER5AYS3FQ9O3,B00E9PHY1U,5.0,PearsonSimilarity
A1ER5AYS3FQ9O3,B000KIQ15U,5.0,PearsonSimilarity
A1ER5AYS3FQ9O3,B014D7XGNS,4.0,PearsonSimilarity
A1ER5AYS3FQ9O3,B005ELV3HE,3.0,PearsonSimilarity
A1ER5AYS3FQ9O3,B00KJJW39I,5.0,PearsonSimilarity
A1ER5AYS3FQ9O3,B016ATD48O,5.0,PearsonSimilarity
A1ER5AYS3FQ9O3,B00LM0U8I6,5.0,PearsonSimilarity
A1ER5AYS3FQ9O3,B015EL1EMC,4.0,PearsonSimilarity
A1ER5AYS3FQ9O3,B003S3RFIQ,5.0,PearsonSimilarity
A1ER5AYS3FQ9O3,B00CB2F65O,5.0,PearsonSimilarity
A1ER5AYS3FQ9O3,B0099SMFVQ,5.0,PearsonSimilarity
A1ER5AYS3FQ9O3,B01C6ESQM6,4.0,PearsonSimilarity
A1ER5AYS3FQ9O3,B017K63PN0,5.0,PearsonSimilarity
A1ER5AYS3FQ9O3,B0057V9HPQ,4.0,PearsonSimilarity
A1ER5AYS3FQ9O3,B00QUEFLCM,5.0,PearsonSimilarity
A1ER5AYS3FQ9O3,B01FWI7J7G,5.0,PearsonSimilarity
A1ER5AYS3FQ9O3,B00WJSPW6S,5.0,PearsonSimilarity
A1ER5AYS3FQ9O3,B00GJXSWZW,5.0,PearsonSimilarity
A1ER5AYS3FQ9O3,B00BCA41JS,5.0,PearsonSimilarity
A1ER5AYS3FQ9O3,B00DQZSBUC,5.0,PearsonSimilarity
A1ER5AYS3FQ9O3,B005HIS5LG,4.0,PearsonSimilarity
A1ER5AYS3FQ9O3,B00MVXX3LW,5.0,PearsonSimilarity
A1ER5AYS3FQ9O3,B00QG21HBC,5.0,PearsonSimilarity
A1ER5AYS3FQ9O3,B001MVKZOC,3.0,PearsonSimilarity
A1ER5AYS3FQ9O3,B018HXNNFK,1.0,PearsonSimilarity
A1ER5AYS3FQ9O3,B0000668YX,5.0,PearsonSimilarity
A1ER5AYS3FQ9O3,B014LMX5AY,5.0,PearsonSimilarity
A1ER5AYS3FQ9O3,B001B8EOMU,3.5,PearsonSimilarity
A1ER5AYS3FQ9O3,B00ADY06YI,4.0,PearsonSimilarity
A1ER5AYS3FQ9O3,B00GPAFHIO,5.0,PearsonSimilarity
A1ER5AYS3FQ9O3,B002LITT3S,4.0,PearsonSimilarity
A1ER5AYS3FQ9O3,B0076POASA,5.0,PearsonSimilarity
A1ER5AYS3FQ9O3,B000TKHBDK,5.0,PearsonSimilarity
A1ER5AYS3FQ9O3,B01DJB45WU,5.0,PearsonSimilarity
A1ER5AYS3FQ9O3,B00BZC1ZYW,4.5,PearsonSimilarity
A1ER5AYS3FQ9O3,B00B3YFDBS,4.0,PearsonSimilarity
A1ER5AYS3FQ9O3,B00G4ZLS9M,4.0,PearsonSimilarity
A1ER5AYS3FQ9O3,B00KGGK71A,5.0,PearsonSimilarity
A1ER5AYS3FQ9O3,B0011CXDM8,3.0,PearsonSimilarity
A1ER5AYS3FQ9O3,B00XHTU3FI,2.0,PearsonSimilarity
A1ER5AYS3FQ9O3,B00870D4B2,4.53,PearsonSimilarity
A1ER5AYS3FQ9O3,B00HR7FWUC,5.0,PearsonSimilarity
A1ER5AYS3FQ9O3,B009YQ8BTI,5.0,PearsonSimilarity
A1ER5AYS3FQ9O3,B00006HYZZ,5.0,PearsonSimilarity
A1ER5AYS3FQ9O3,B008S2DCIE,4.0,PearsonSimilarity
A1ER5AYS3FQ9O3,B00EUY58OA,5.0,PearsonSimilarity
A1ER5AYS3FQ9O3,B005UA65YK,1.0,PearsonSimilarity
A1ER5AYS3FQ9O3,B001PY41YQ,5.0,PearsonSimilarity
A1ER5AYS3FQ9O3,B002KC8S3C,4.0,PearsonSimilarity
A1ER5AYS3FQ9O3,B00IU7CJZY,5.0,PearsonSimilarity
A1ER5AYS3FQ9O3,B00QTE09SY,5.0,PearsonSimilarity
A1ER5AYS3FQ9O3,B005HPYGTO,4.0,PearsonSimilarity
A1ER5AYS3FQ9O3,B000I6P1I2,4.0,PearsonSimilarity
A1ER5AYS3FQ9O3,B005MTME3U,5.0,PearsonSimilarity
A1ER5AYS3FQ9O3,B00K4NVRRI,5.0,PearsonSimilarity
A1ER5AYS3FQ9O3,B000CBLYVG,5.0,PearsonSimilarity
A1ER5AYS3FQ9O3,B00B49LOBU,3.0,PearsonSimilarity
A1ER5AYS3FQ9O3,B00746Z6RK,4.0,PearsonSimilarity
A1ER5AYS3FQ9O3,B00PML2ZOQ,5.0,PearsonSimilarity
A1ER5AYS3FQ9O3,B00HY4PICU,5.0,PearsonSimilarity
A1ER5AYS3FQ9O3,B00TPNZP8U,4.0,PearsonSimilarity
A1ER5AYS3FQ9O3,B00CALM2KS,5.0,PearsonSimilarity
A1ER5AYS3FQ9O3,B00JI0TAVS,5.0,PearsonSimilarity
A1ER5AYS3FQ9O3,B0029ZDRSQ,5.0,PearsonSimilarity
A1ER5AYS3FQ9O3,B007UX679S,2.0,PearsonSimilarity
A1ER5AYS3FQ9O3,B00Z7RV4HE,5.0,PearsonSimilarity
A1ER5AYS3FQ9O3,B0006ZSV7S,5.0,PearsonSimilarity
A1ER5AYS3FQ9O3,B004XANKVY,4.0,PearsonSimilarity
A1ER5AYS3FQ9O3,B00007B4DM,5.0,PearsonSimilarity
A1ER5AYS3FQ9O3,B00JFR1HJM,5.0,PearsonSimilarity
A1ER5AYS3FQ9O3,B0000ALXPJ,5.0,PearsonSimilarity
A1ER5AYS3FQ9O3,B00M9AW4YE,5.0,PearsonSimilarity
A1ER5AYS3FQ9O3,B00006HYKG,4.0,PearsonSimilarity
A1ER5AYS3FQ9O3,B000TXZIDM,5.0,PearsonSimilarity
A1ER5AYS3FQ9O3,B00B49LSHA,3.0,PearsonSimilarity
A1ER5AYS3FQ9O3,B003Y5RYNY,4.0,PearsonSimilarity
A1ER5AYS3FQ9O3,B00B1Z6FKW,4.0,PearsonSimilarity
A1ER5AYS3FQ9O3,B002HWRJBM,5.0,PearsonSimilarity
A1ER5AYS3FQ9O3,B00S96ARSM,5.0,PearsonSimilarity
A1ER5AYS3FQ9O3,B005BCNAWW,3.0,PearsonSimilarity
A1ER5AYS3FQ9O3,B004T1Y8G8,5.0,PearsonSimilarity
A1ER5AYS3FQ9O3,B012VOP2N2,5.0,PearsonSimilarity
A1ER5AYS3FQ9O3,B00064GI2O,5.0,PearsonSimilarity
A1ER5AYS3FQ9O3,B00009M6UM,4.0,PearsonSimilarity
A1ER5AYS3FQ9O3,B00BUKQ4ZO,4.0,PearsonSimilarity
A1ER5AYS3FQ9O3,B0009EQL5A,4.0,PearsonSimilarity
A1ER5AYS3FQ9O3,B0053H5R2G,5.0,PearsonSimilarity
A1ER5AYS3FQ9O3,B00FXYT12G,5.0,PearsonSimilarity
A1ER5AYS3FQ9O3,B00MZL75TG,5.0,PearsonSimilarity
A1ER5AYS3FQ9O3,B00F1CRTMO,5.0,PearsonSimilarity
A1ER5AYS3FQ9O3,B00T9N2SOA,4.5,PearsonSimilarity
A1ER5AYS3FQ9O3,B00RJNDGDE,3.0,PearsonSimilarity
A1ER5AYS3FQ9O3,B000BC98H8,5.0,PearsonSimilarity
A1ER5AYS3FQ9O3,B000AZ57M6,5.0,PearsonSimilarity
A1ER5AYS3FQ9O3,B00966IOYS,4.0,PearsonSimilarity
A1ER5AYS3FQ9O3,B013EYDHLW,5.0,PearsonSimilarity
A1ER5AYS3FQ9O3,B00Y09F5QG,5.0,PearsonSimilarity
A1ER5AYS3FQ9O3,B0109IWCT4,5.0,PearsonSimilarity
A1ER5AYS3FQ9O3,B001E78UQY,5.0,PearsonSimilarity
A1ER5AYS3FQ9O3,B00ESYW40S,5.0,PearsonSimilarity
A1ER5AYS3FQ9O3,B004U6NS5Y,4.0,PearsonSimilarity
A1ER5AYS3FQ9O3,B01GR9A3AO,5.0,PearsonSimilarity
A1ER5AYS3FQ9O3,B011KFQASE,5.0,PearsonSimilarity
A1ER5AYS3FQ9O3,B005A0B49Q,4.0,PearsonSimilarity
A1ER5AYS3FQ9O3,B003UKKHB4,4.0,PearsonSimilarity
A1ER5AYS3FQ9O3,B0028IKXLS,5.0,PearsonSimilarity
A1ER5AYS3FQ9O3,B0096JQ4FQ,5.0,PearsonSimilarity
A1ER5AYS3FQ9O3,B000TS7I6C,5.0,PearsonSimilarity
A1ER5AYS3FQ9O3,B006YLYYZ6,3.0,PearsonSimilarity
A1ER5AYS3FQ9O3,B000BHQCP4,5.0,PearsonSimilarity
A1ER5AYS3FQ9O3,B00K23BUEK,5.0,PearsonSimilarity
A1ER5AYS3FQ9O3,B010NA2NBU,4.0,PearsonSimilarity
A1ER5AYS3FQ9O3,B015PD3HOC,5.0,PearsonSimilarity
A1ER5AYS3FQ9O3,B00HEU1JGI,5.0,PearsonSimilarity
A1ER5AYS3FQ9O3,B00006I5J7,5.0,PearsonSimilarity
A1ER5AYS3FQ9O3,B00UA8ZUFW,5.0,PearsonSimilarity
A1ER5AYS3FQ9O3,B01GE9QWJI,4.0,PearsonSimilarity
A1ER5AYS3FQ9O3,B0011UK2HE,4.0,PearsonSimilarity
A1ER5AYS3FQ9O3,B01CE36PTK,5.0,PearsonSimilarity
A1ER5AYS3FQ9O3,B0015YMWYW,5.0,PearsonSimilarity
A1ER5AYS3FQ9O3,B00DQZQG3G,5.0,PearsonSimilarity
A1ER5AYS3FQ9O3,B017GUAVVE,5.0,PearsonSimilarity
A1ER5AYS3FQ9O3,B00GV4UIVA,5.0,PearsonSimilarity
A1ER5AYS3FQ9O3,B00LS268YG,3.0,PearsonSimilarity
A1ER5AYS3FQ9O3,B00M7N8M9Y,5.0,PearsonSimilarity
A1ER5AYS3FQ9O3,B008MF48J4,5.0,PearsonSimilarity
A1ER5AYS3FQ9O3,B00YCBU7LK,5.0,PearsonSimilarity
A1ER5AYS3FQ9O3,B00TGOWK3Q,4.0,PearsonSimilarity
A1ER5AYS3FQ9O3,B010LHRFM2,5.0,PearsonSimilarity
A1ER5AYS3FQ9O3,B000VVVMS2,5.0,PearsonSimilarity
A1ER5AYS3FQ9O3,B000V5K3FG,4.0,PearsonSimilarity
A1ER5AYS3FQ9O3,B002R5AM7C,3.0,PearsonSimilarity
A1ER5AYS3FQ9O3,B00IVFDODG,5.0,PearsonSimilarity
A1ER5AYS3FQ9O3,B00DPC015E,5.0,PearsonSimilarity
A1ER5AYS3FQ9O3,B00006HZ0L,5.0,PearsonSimilarity
A1ER5AYS3FQ9O3,B00V4BGE7C,5.0,PearsonSimilarity
A1ER5AYS3FQ9O3,B00083J29O,5.0,PearsonSimilarity
A1ER5AYS3FQ9O3,B00IU7CEV8,5.0,PearsonSimilarity
A1ER5AYS3FQ9O3,B0056Z0SJM,5.0,PearsonSimilarity
A1ER5AYS3FQ9O3,B00WRG9E5M,5.0,PearsonSimilarity
A1ER5AYS3FQ9O3,B00TJZE918,5.0,PearsonSimilarity
A1ER5AYS3FQ9O3,B00LNTLK9C,5.0,PearsonSimilarity
A1ER5AYS3FQ9O3,B01AC0VZOC,4.0,PearsonSimilarity
A1ER5AYS3FQ9O3,B00OCE6BPI,5.0,PearsonSimilarity
A1ER5AYS3FQ9O3,B001DJ9GOS,5.0,PearsonSimilarity
A1ER5AYS3FQ9O3,B00OBA5ZUA,5.0,PearsonSimilarity
A1ER5AYS3FQ9O3,B004RMSMKM,5.0,PearsonSimilarity
A1ER5AYS3FQ9O3,B00E4KQ9GG,5.0,PearsonSimilarity
A1ER5AYS3FQ9O3,B003CJTQJC,5.0,PearsonSimilarity
A1ER5AYS3FQ9O3,B00074O4UG,5.0,PearsonSimilarity
A1ER5AYS3FQ9O3,B001RPCZL4,5.0,PearsonSimilarity
A1ER5AYS3FQ9O3,B0057OCDQS,5.0,PearsonSimilarity
A1ER5AYS3FQ9O3,B0007CZ70Y,5.0,PearsonSimilarity
A1ER5AYS3FQ9O3,B0096M8VR2,1.0,PearsonSimilarity
A1ER5AYS3FQ9O3,B001IZH3BU,4.0,PearsonSimilarity
A1ER5AYS3FQ9O3,B00GJO7GOE,4.5,PearsonSimilarity
A1ER5AYS3FQ9O3,B00DQZOGZQ,5.0,PearsonSimilarity
A1ER5AYS3FQ9O3,B01B3J9Q9W,5.0,PearsonSimilarity
A1ER5AYS3FQ9O3,B000EPNB52,5.0,PearsonSimilarity
A1ER5AYS3FQ9O3,B000EXS1BS,5.0,PearsonSimilarity
A1ER5AYS3FQ9O3,B001ECQ6PG,5.0,PearsonSimilarity
A1ER5AYS3FQ9O3,B00I14395A,5.0,PearsonSimilarity
A1ER5AYS3FQ9O3,B009A4WUXC,5.0,PearsonSimilarity
A1ER5AYS3FQ9O3,B00OFQU898,2.0,PearsonSimilarity
A1ER5AYS3FQ9O3,B00N7R5XFA,5.0,PearsonSimilarity
A1ER5AYS3FQ9O3,B00BSED7S4,5.0,PearsonSimilarity
A1ER5AYS3FQ9O3,B01BMLTYUM,4.0,PearsonSimilarity
A1ER5AYS3FQ9O3,B00TE8XKIS,4.0,PearsonSimilarity
A1ER5AYS3FQ9O3,B00Z7SJ56K,5.0,PearsonSimilarity
A1ER5AYS3FQ9O3,B000M4J2OE,5.0,PearsonSimilarity
A1ER5AYS3FQ9O3,B001F51G16,5.0,PearsonSimilarity
A1ER5AYS3FQ9O3,B00011KLKM,5.0,PearsonSimilarity
A1ER5AYS3FQ9O3,B002PXFJ2O,5.0,PearsonSimilarity
A1ER5AYS3FQ9O3,B00GVA3BS6,5.0,PearsonSimilarity
A1ER5AYS3FQ9O3,B001DL9WDG,5.0,PearsonSimilarity
A1ER5AYS3FQ9O3,B001BZ2F56,5.0,PearsonSimilarity
A1ER5AYS3FQ9O3,B00004TEYZ,5.0,PearsonSimilarity
A1ER5AYS3FQ9O3,B001TH7GSW,5.0,PearsonSimilarity
A1ER5AYS3FQ9O3,B00SOL9ZLC,5.0,PearsonSimilarity
A1ER5AYS3FQ9O3,B000B84KAW,5.0,PearsonSimilarity
A1ER5AYS3FQ9O3,B00PEU9CFA,5.0,PearsonSimilarity
A1ER5AYS3FQ9O3,B0123H4CGK,5.0,PearsonSimilarity
A1ER5AYS3FQ9O3,B003VX56MK,4.0,PearsonSimilarity
A1ER5AYS3FQ9O3,B004VVLZY4,4.0,PearsonSimilarity
A1ER5AYS3FQ9O3,B01EZV36MS,5.0,PearsonSimilarity
A1ER5AYS3FQ9O3,B00VBNTNEY,5.0,PearsonSimilarity
A1ER5AYS3FQ9O3,B0077SAYY0,5.0,PearsonSimilarity
A1ER5AYS3FQ9O3,B0007O7DTU,5.0,PearsonSimilarity
A1ER5AYS3FQ9O3,B00FFJ0HUE,5.0,PearsonSimilarity
A1ER5AYS3FQ9O3,B000MW3YE0,5.0,PearsonSimilarity
A1ER5AYS3FQ9O3,B00LP0K25M,5.0,PearsonSimilarity
A1ER5AYS3FQ9O3,B001FA1NCS,4.0,PearsonSimilarity
A1ER5AYS3FQ9O3,B00K0HMT2K,3.0,PearsonSimilarity
A1ER5AYS3FQ9O3,B00752R4S2,5.0,PearsonSimilarity
A1ER5AYS3FQ9O3,B00WLGFOVQ,5.0,PearsonSimilarity
A1ER5AYS3FQ9O3,B00FJXVRM8,3.0,PearsonSimilarity
A1ER5AYS3FQ9O3,B005E65BK4,5.0,PearsonSimilarity
A1ER5AYS3FQ9O3,B00IDYS066,4.0,PearsonSimilarity
A1ER5AYS3FQ9O3,B001PO5VV8,4.0,PearsonSimilarity
A1ER5AYS3FQ9O3,B00NSBYPQI,4.0,PearsonSimilarity
A1ER5AYS3FQ9O3,B005KELS6Q,5.0,PearsonSimilarity
A1ER5AYS3FQ9O3,B00005MEAI,5.0,PearsonSimilarity
A1ER5AYS3FQ9O3,B006FLENJC,5.0,PearsonSimilarity
A1ER5AYS3FQ9O3,B0096LZ5QI,5.0,PearsonSimilarity
A1ER5AYS3FQ9O3,B000WM5F1K,2.0,PearsonSimilarity
A1ER5AYS3FQ9O3,B00DIOALWC,2.0,PearsonSimilarity
A1ER5AYS3FQ9O3,B001MU4MXS,5.0,PearsonSimilarity
A1ER5AYS3FQ9O3,B001UAB0I0,4.0,PearsonSimilarity
A1ER5AYS3FQ9O3,B00U2GSLO4,5.0,PearsonSimilarity
A1ER5AYS3FQ9O3,B008X9Z9S8,5.0,PearsonSimilarity
A1ER5AYS3FQ9O3,B00489SLEQ,5.0,PearsonSimilarity
A1ER5AYS3FQ9O3,B008O2HWSO,5.0,PearsonSimilarity
A1ER5AYS3FQ9O3,B001S0I1M0,5.0,PearsonSimilarity
A1ER5AYS3FQ9O3,B00ATZ9IU4,5.0,PearsonSimilarity
A1ER5AYS3FQ9O3,B01BWA4I86,4.0,PearsonSimilarity
A1ER5AYS3FQ9O3,B01DWHPJ94,3.0,PearsonSimilarity
A1ER5AYS3FQ9O3,B01E81307Q,3.0,PearsonSimilarity
A1ER5AYS3FQ9O3,B0037ECAQ8,5.0,PearsonSimilarity
A1ER5AYS3FQ9O3,B00C30FCUI,5.0,PearsonSimilarity
A1ER5AYS3FQ9O3,B000FGGG34,4.0,PearsonSimilarity
A1ER5AYS3FQ9O3,B00ABDIIW8,3.0,PearsonSimilarity
A1ER5AYS3FQ9O3,B01F4YZ1LE,5.0,PearsonSimilarity
A1ER5AYS3FQ9O3,B005CG2ATQ,3.0,PearsonSimilarity
A1ER5AYS3FQ9O3,B00HZYXHJU,5.0,PearsonSimilarity
A1ER5AYS3FQ9O3,B0151K2AB0,5.0,PearsonSimilarity
A1ER5AYS3FQ9O3,B000HCT12O,4.61,PearsonSimilarity
A1ER5AYS3FQ9O3,B004R739LE,5.0,PearsonSimilarity
A1ER5AYS3FQ9O3,B01CHUSB42,5.0,PearsonSimilarity
A1ER5AYS3FQ9O3,B00KJJW36G,5.0,PearsonSimilarity
A1ER5AYS3FQ9O3,B00O5XUJHW,5.0,PearsonSimilarity
A1ER5AYS3FQ9O3,B014I8TIV6,4.0,PearsonSimilarity
A1ER5AYS3FQ9O3,B0079TOG82,4.0,PearsonSimilarity
A1ER5AYS3FQ9O3,B001U3Z4AM,5.0,PearsonSimilarity
A1ER5AYS3FQ9O3,B001Q3M9JA,3.0,PearsonSimilarity
A1ER5AYS3FQ9O3,B0000BZL3G,5.0,PearsonSimilarity
A1ER5AYS3FQ9O3,B000H0QIRC,5.0,PearsonSimilarity
A1ER5AYS3FQ9O3,B011LRZGL8,5.0,PearsonSimilarity
A1ER5AYS3FQ9O3,B01G2JTU3A,5.0,PearsonSimilarity
A1ER5AYS3FQ9O3,B00VSNQJ0I,4.0,PearsonSimilarity
A1ER5AYS3FQ9O3,B011IH685E,4.0,PearsonSimilarity
A1ER5AYS3FQ9O3,B00INEG8W4,2.0,PearsonSimilarity
A1ER5AYS3FQ9O3,B00CKIDDZ4,4.0,PearsonSimilarity
A1ER5AYS3FQ9O3,B00EUY4ZLM,4.0,PearsonSimilarity
A1ER5AYS3FQ9O3,B00B7Y7HF4,3.0,PearsonSimilarity
A1ER5AYS3FQ9O3,B00MIQHD04,5.0,PearsonSimilarity
A1ER5AYS3FQ9O3,B00VM5I3PG,4.0,PearsonSimilarity
A1ER5AYS3FQ9O3,B000VRYLU2,3.0,PearsonSimilarity
A1ER5AYS3FQ9O3,B005INACOS,4.0,PearsonSimilarity
A1ER5AYS3FQ9O3,B000U0HRJM,5.0,PearsonSimilarity
A1ER5AYS3FQ9O3,B0072LEKMO,5.0,PearsonSimilarity
A1ER5AYS3FQ9O3,B0053NBLFW,3.0,PearsonSimilarity
A1ER5AYS3FQ9O3,B00L9IPRK0,5.0,PearsonSimilarity
A1ER5AYS3FQ9O3,B01FHE31C2,4.0,PearsonSimilarity
A1ER5AYS3FQ9O3,B0017JY5F4,5.0,PearsonSimilarity
A1ER5AYS3FQ9O3,B010TTNL8O,5.0,PearsonSimilarity
A1ER5AYS3FQ9O3,B00461G3MS,5.0,PearsonSimilarity
A1ER5AYS3FQ9O3,B00080M9AG,5.0,PearsonSimilarity
A1ER5AYS3FQ9O3,B00DQZSAXU,5.0,PearsonSimilarity
A1ER5AYS3FQ9O3,B01G26QK6S,5.0,PearsonSimilarity
A1ER5AYS3FQ9O3,B011MS4O3W,5.0,PearsonSimilarity
A1ER5AYS3FQ9O3,B00829THVO,5.0,PearsonSimilarity
A1ER5AYS3FQ9O3,B016NUF3HA,5.0,PearsonSimilarity
A1ER5AYS3FQ9O3,B00E87E1NI,5.0,PearsonSimilarity
A1ER5AYS3FQ9O3,B014F5099W,5.0,PearsonSimilarity
A1ER5AYS3FQ9O3,B0012Y6HC8,5.0,PearsonSimilarity
A1ER5AYS3FQ9O3,B00S7NKF0W,5.0,PearsonSimilarity
A1ER5AYS3FQ9O3,B00ODYYX0W,5.0,PearsonSimilarity
A1ER5AYS3FQ9O3,B00LGWH0A4,5.0,PearsonSimilarity
A1ER5AYS3FQ9O3,B019G0JWRG,5.0,PearsonSimilarity
A1ER5AYS3FQ9O3,B00LIC2FHA,5.0,PearsonSimilarity
A1ER5AYS3FQ9O3,B0176CMC3W,4.0,PearsonSimilarity
A1ER5AYS3FQ9O3,B00AW4J35W,5.0,PearsonSimilarity
A1ER5AYS3FQ9O3,B00JR2PCNC,5.0,PearsonSimilarity
A1ER5AYS3FQ9O3,B010UU4GKY,4.0,PearsonSimilarity
A1ER5AYS3FQ9O3,B00WJSQREY,5.0,PearsonSimilarity
A1ER5AYS3FQ9O3,B00KONCCW2,5.0,PearsonSimilarity
A1ER5AYS3FQ9O3,B012VOP0WK,5.0,PearsonSimilarity
A1ER5AYS3FQ9O3,B00DGH4IKC,5.0,PearsonSimilarity
A1ER5AYS3FQ9O3,B011LRYKJ2,5.0,PearsonSimilarity
A1ER5AYS3FQ9O3,B000NOSCGM,4.0,PearsonSimilarity
A1ER5AYS3FQ9O3,B0043XPGOA,3.0,PearsonSimilarity
A1ER5AYS3FQ9O3,B00W0TUE64,4.0,PearsonSimilarity
A1ER5AYS3FQ9O3,B0026L7FGI,4.0,PearsonSimilarity
A1ER5AYS3FQ9O3,B0194VJL8C,4.0,PearsonSimilarity
A1ER5AYS3FQ9O3,B00M30SN2W,5.0,PearsonSimilarity
A1ER5AYS3FQ9O3,B00HG6W5MC,4.0,PearsonSimilarity
A1ER5AYS3FQ9O3,B00Z7TDCCM,5.0,PearsonSimilarity
A1ER5AYS3FQ9O3,B00BD7UVHG,4.0,PearsonSimilarity
A1ER5AYS3FQ9O3,B00X28GH0Y,5.0,PearsonSimilarity
A1ER5AYS3FQ9O3,B00I94IBOQ,5.0,PearsonSimilarity
A1ER5AYS3FQ9O3,B0035WTVXW,3.0,PearsonSimilarity
A1ER5AYS3FQ9O3,B00009MK5M,5.0,PearsonSimilarity
A1ER5AYS3FQ9O3,B011LRYEFM,5.0,PearsonSimilarity
A1ER5AYS3FQ9O3,B00NM8VDM6,5.0,PearsonSimilarity
A1ER5AYS3FQ9O3,B00000JBYW,2.0,PearsonSimilarity
A1ER5AYS3FQ9O3,B015HWXG4M,5.0,PearsonSimilarity
A1ER5AYS3FQ9O3,B001413D2G,4.0,PearsonSimilarity
A1ER5AYS3FQ9O3,B00OBA5AZU,5.0,PearsonSimilarity
A1ER5AYS3FQ9O3,B008ZB54P2,5.0,PearsonSimilarity
A1ER5AYS3FQ9O3,B00QTDTT5Y,5.0,PearsonSimilarity
A1ER5AYS3FQ9O3,B003EYV22O,4.0,PearsonSimilarity
A1ER5AYS3FQ9O3,B01H371LW8,5.0,PearsonSimilarity
A1ER5AYS3FQ9O3,B0161BJW9G,5.0,PearsonSimilarity
A1ER5AYS3FQ9O3,B008ULPCB8,5.0,PearsonSimilarity
A1ER5AYS3FQ9O3,B00C94GTM8,5.0,PearsonSimilarity
A1ER5AYS3FQ9O3,B007BZOGLG,3.0,PearsonSimilarity
A1ER5AYS3FQ9O3,B0082E9K7U,5.0,PearsonSimilarity
A1ER5AYS3FQ9O3,B003F2K6MC,5.0,PearsonSimilarity
A1ER5AYS3FQ9O3,B000A3CIUW,1.0,PearsonSimilarity
A1ER5AYS3FQ9O3,B00D4VLMBI,5.0,PearsonSimilarity
A1ER5AYS3FQ9O3,B00DUW904C,5.0,PearsonSimilarity
A1ER5AYS3FQ9O3,B00I83XEQI,4.0,PearsonSimilarity
A1ER5AYS3FQ9O3,B005CHMJ8W,5.0,PearsonSimilarity
A1ER5AYS3FQ9O3,B004BQTTE2,5.0,PearsonSimilarity
A1ER5AYS3FQ9O3,B005X64OQ2,4.0,PearsonSimilarity
A1ER5AYS3FQ9O3,B00TU7U4PU,5.0,PearsonSimilarity
A1ER5AYS3FQ9O3,B011LRZ7Q2,5.0,PearsonSimilarity
A1ER5AYS3FQ9O3,B00DLKE8C2,5.0,PearsonSimilarity
A1ER5AYS3FQ9O3,B00KVIXCCO,3.0,PearsonSimilarity
